seq_id,source_file,source_t,reward_sum_undiscounted,reward_sum_discounted,reward_mean,reward_max,lambda_t0,lambda_mean_all_steps,reward_component_t0,value_component_t0,value_t0,terminal_value,value_mean,value_max,value_min,steer_mean,gas_mean,brake_mean,steer_abs_gt_09_frac,gas_gt_095_frac,brake_lt_005_frac
0,data/latent/train/1781995936765_heuristic_00038.npz,637,0.44185566902160645,0.34461510181427,0.02945704385638237,0.2765161991119385,65.74063873291016,69.47390747070312,0.011002987623214722,65.72964477539062,61.13631820678711,74.19583129882812,71.51234436035156,75.3382339477539,61.13631820678711,0.19963547587394714,0.9995450973510742,5.116065494803479e-06,1.0,1.0,1.0
1,data/latent/train/1781995688182_heuristic_00011.npz,270,-1.703254222869873,-1.5912389755249023,-0.11355028301477432,-0.10554730892181396,38.509368896484375,41.73097229003906,-1.1573617458343506,39.66674041748047,42.82272720336914,45.82619857788086,43.164649963378906,45.82619857788086,41.17141342163086,-0.9998295307159424,0.9970691800117493,0.00012254714965820312,1.0,1.0,1.0
2,data/latent/train/1781975767951_heuristic_00024.npz,41,11.041520118713379,10.236650466918945,0.7361013293266296,0.8836266994476318,79.86992645263672,81.45398712158203,7.1599345207214355,72.70996856689453,77.09476470947266,81.96057891845703,80.18444061279297,82.07304382324219,77.09476470947266,0.42486363649368286,0.9999973773956299,0.0,0.06666667014360428,1.0,1.0
3,data/latent/train/1781975592337_heuristic_00005.npz,17,0.465301513671875,0.39876848459243774,0.03102010115981102,0.34032583236694336,62.71001052856445,67.88204956054688,0.17560596764087677,62.534400939941406,63.3486328125,73.63992309570312,66.88841247558594,73.63992309570312,63.3486328125,0.2392430305480957,0.9999317526817322,9.934107758624577e-09,0.5333333611488342,1.0,1.0
4,data/latent/train/1781975666230_heuristic_00013.npz,814,9.762018203735352,9.063551902770996,0.6508012413978577,0.8476654291152954,79.93853759765625,81.23668670654297,6.403292179107666,73.53527069091797,83.35115814208984,82.11961364746094,81.83880615234375,83.35115814208984,80.6844482421875,0.9506362080574036,0.9995934963226318,9.338061346397808e-08,0.7333333492279053,1.0,1.0
5,data/latent/train/1781995790154_heuristic_00022.npz,913,-0.36479640007019043,-0.34210288524627686,-0.024319760501384735,0.039839740842580795,38.26875686645508,41.50640869140625,-0.24776947498321533,38.51652526855469,44.988555908203125,45.42603302001953,41.54644012451172,45.42603302001953,36.88835525512695,-0.04990541189908981,0.9997298717498779,6.775061365260626e-07,0.3333333432674408,1.0,1.0
6,data/latent/train/1781995678845_heuristic_00010.npz,607,5.098452568054199,4.651249408721924,0.3398968279361725,0.6600093841552734,66.38400268554688,71.0151596069336,2.9851293563842773,63.39884567260742,60.60718536376953,74.32565307617188,67.94635009765625,74.32565307617188,60.60718536376953,0.9999963641166687,0.9999351501464844,1.9868215961338365e-09,1.0,1.0,1.0
7,data/latent/train/1781996019435_heuristic_00047.npz,730,3.4626660346984863,3.1458606719970703,0.2308444082736969,0.40744996070861816,73.38396453857422,78.34708404541016,1.9448893070220947,71.4390869140625,71.37348937988281,82.77310943603516,77.22804260253906,82.77310943603516,71.37348937988281,0.36381620168685913,0.9999670386314392,4.371007378267677e-08,0.46666666865348816,1.0,1.0
8,data/latent/train/1781995772209_heuristic_00020.npz,544,-1.515225887298584,-1.411726474761963,-0.10101506114006042,-0.0872875452041626,25.3218936920166,24.891773223876953,-1.012824535369873,26.334720611572266,33.7347297668457,26.230690002441406,30.99277114868164,35.442867279052734,26.06249237060547,0.3551780879497528,0.9996972680091858,1.5695890454026085e-07,0.46666666865348816,1.0,1.0
9,data/latent/train/1781995725381_heuristic_00015.npz,936,-1.6495946645736694,-1.5374311208724976,-0.10997297614812851,-0.09045004844665527,32.28272247314453,35.27707290649414,-1.1040079593658447,33.386722564697266,22.828956604003906,38.538578033447266,35.83430862426758,38.939693450927734,22.828956604003906,0.8537426590919495,0.9956349730491638,5.2291154133854434e-05,0.6000000238418579,1.0,1.0
10,data/latent/train/1781975740977_heuristic_00021.npz,816,-0.6405150890350342,-0.6461570262908936,-0.042701005935668945,0.25150561332702637,62.34555435180664,67.1830825805664,-0.6292977929115295,62.974849700927734,50.818748474121094,72.69727325439453,67.40046691894531,72.69727325439453,50.818748474121094,0.07519885897636414,0.998455822467804,7.349252882704604e-06,0.9333333373069763,1.0,1.0
11,data/latent/train/1781995799509_heuristic_00023.npz,3,3.6640143394470215,3.2529714107513428,0.24426762759685516,0.6082655191421509,56.54059982299805,61.368900299072266,1.7442246675491333,54.79636764526367,42.100772857666016,63.5204963684082,58.87263870239258,63.74592971801758,42.100772857666016,-0.1901497095823288,0.9622771143913269,0.0006265878910198808,0.8666666746139526,0.8666666746139526,1.0
12,data/latent/train/1781995605201_heuristic_00002.npz,858,-1.7776521444320679,-1.658309817314148,-0.11851014196872711,-0.11716270446777344,31.626590728759766,36.54548645019531,-1.197416067123413,32.82401657104492,30.101642608642578,42.321475982666016,32.608585357666016,42.321475982666016,28.737369537353516,-0.3434230089187622,0.9998210072517395,1.4106431933669228e-07,0.6000000238418579,1.0,1.0
13,data/latent/train/1781995715968_heuristic_00014.npz,34,8.54724407196045,7.942285537719727,0.5698162913322449,0.7125558853149414,82.9732437133789,83.86074829101562,5.608172416687012,77.36508178710938,83.97838592529297,84.89440155029297,86.6775131225586,90.30240631103516,83.97838592529297,-0.08530852198600769,0.9999966025352478,0.0,0.4000000059604645,1.0,1.0
14,data/latent/train/1781995874538_heuristic_00031.npz,730,-1.6593167781829834,-1.549885630607605,-0.11062111705541611,-0.09850800037384033,42.061866760253906,46.51387023925781,-1.1272239685058594,43.189083099365234,37.655120849609375,51.53767013549805,45.612239837646484,51.53767013549805,37.655120849609375,-0.10913588106632233,0.9999353885650635,4.6690306021446304e-07,0.6000000238418579,1.0,1.0
15,data/latent/train/1781995927298_heuristic_00037.npz,176,-1.5162169933319092,-1.4073209762573242,-0.10108113288879395,-0.07670450210571289,19.103069305419922,18.97941780090332,-0.9892958402633667,20.092363357543945,26.176132202148438,20.059803009033203,23.80209732055664,27.930715560913086,20.059803009033203,0.36395445466041565,0.999967634677887,9.934107758624577e-09,0.20000000298023224,1.0,1.0
16,data/latent/train/1781975611090_heuristic_00007.npz,864,-1.3155351877212524,-1.240425944328308,-0.08770234882831573,-0.05220675840973854,51.2346305847168,55.19676971435547,-0.9428340196609497,52.17745590209961,51.510921478271484,59.71262741088867,57.013755798339844,59.79071044921875,51.510921478271484,0.33291497826576233,0.9993900060653687,1.8378099184701568e-06,0.6000000238418579,1.0,1.0
17,data/latent/train/1781975556701_heuristic_00001.npz,542,-1.0686655044555664,-1.0132743120193481,-0.07124436646699905,-0.01902628317475319,54.14028549194336,59.66415023803711,-0.7921191453933716,54.932411193847656,44.62815475463867,64.66524505615234,58.87538146972656,65.37065887451172,44.62815475463867,-0.46626949310302734,0.9994153380393982,3.7590662032016553e-06,1.0,1.0,1.0
18,data/latent/train/1781975601594_heuristic_00006.npz,300,-0.8020771741867065,-0.735625147819519,-0.05347181111574173,0.029783125966787338,59.45771408081055,64.19607543945312,-0.48194003105163574,59.939674377441406,58.00132751464844,70.08562469482422,64.35935974121094,70.08562469482422,58.00132751464844,0.2943941652774811,0.9999513030052185,1.5894572769070692e-08,0.6000000238418579,1.0,1.0
19,data/latent/train/1781995669694_heuristic_00009.npz,423,-1.0543549060821533,-0.9578989148139954,-0.07029032707214355,0.03672933205962181,47.28788375854492,50.34535598754883,-0.5929298400878906,47.88082504272461,50.11797332763672,54.34809494018555,52.813507080078125,55.60725402832031,48.81788635253906,0.27769938111305237,0.9999736547470093,2.1855036891338386e-08,0.3333333432674408,1.0,1.0
20,data/latent/train/1781995605201_heuristic_00002.npz,29,10.288118362426758,9.542757987976074,0.6858745813369751,0.8567166328430176,89.99286651611328,91.7358627319336,6.671086311340332,83.32178497314453,85.86445617675781,92.82046508789062,92.39530181884766,95.8894271850586,85.86445617675781,-0.17088879644870758,0.9999829530715942,1.9868215961338365e-09,0.5333333611488342,1.0,1.0
21,data/latent/train/1781975547656_heuristic_00000.npz,125,4.6660284996032715,4.402093887329102,0.3110685646533966,0.6986191272735596,69.90947723388672,70.37959289550781,3.3893609046936035,66.5201187133789,75.96348571777344,72.94940948486328,74.5566635131836,76.84104919433594,72.72200775146484,0.22661210596561432,0.9999657273292542,0.0,0.13333334028720856,1.0,1.0
22,data/latent/train/1781975547656_heuristic_00000.npz,671,-0.2877228260040283,-0.27290987968444824,-0.019181521609425545,0.06994485855102539,55.55876922607422,58.85911178588867,-0.22572782635688782,55.78449630737305,62.67243576049805,63.690879821777344,60.9514045715332,64.58316040039062,56.709964752197266,0.5043359994888306,0.9999915957450867,0.0,0.2666666805744171,1.0,1.0
23,data/latent/train/1781995697152_heuristic_00012.npz,648,1.2159435749053955,1.1356443166732788,0.08106290549039841,0.17334342002868652,47.147979736328125,48.17430114746094,0.809396505355835,46.338584899902344,55.43002700805664,50.33179473876953,52.435646057128906,55.43002700805664,50.33179473876953,0.7118593454360962,0.9998952150344849,1.9868215517249155e-08,0.6666666865348816,1.0,1.0
24,data/latent/train/1781975731978_heuristic_00020.npz,616,-1.6433953046798706,-1.5341070890426636,-0.10955968499183655,-0.10578620433807373,38.65290451049805,41.94259262084961,-1.1114944219589233,39.76438903808594,38.83571243286133,46.10432052612305,42.91850662231445,46.10432052612305,38.83571243286133,0.661679208278656,0.9999685883522034,2.1855036891338386e-08,0.3333333432674408,1.0,1.0
25,data/latent/train/1781995874538_heuristic_00031.npz,384,-1.4336977005004883,-1.3470990657806396,-0.0955798476934433,-0.06720960140228271,46.28832244873047,50.059059143066406,-1.0074691772460938,47.295806884765625,45.43551254272461,54.98997116088867,50.727989196777344,54.98997116088867,45.43551254272461,1.0,0.999751627445221,3.973643192267673e-09,1.0,1.0,1.0
26,data/latent/train/1781995651476_heuristic_00007.npz,998,-1.7732179164886475,-1.6545864343643188,-0.11821452528238297,-0.1174553632736206,24.94910430908203,26.968570709228516,-1.1962978839874268,26.145401000976562,20.680614471435547,29.17171287536621,28.907819747924805,31.731712341308594,20.680614471435547,0.7830226421356201,0.999912440776825,0.0,0.7333333492279053,1.0,1.0
27,data/latent/train/1781995902344_heuristic_00034.npz,981,1.3190994262695312,1.150579810142517,0.08793996274471283,0.2943415641784668,59.14154815673828,63.26741027832031,0.5422322750091553,58.59931564331055,63.19538497924805,67.05960845947266,64.17715454101562,67.05960845947266,60.4882698059082,-0.08542310446500778,0.9999656677246094,1.9868215961338365e-09,0.2666666805744171,1.0,1.0
28,data/latent/train/1781995586132_heuristic_00000.npz,686,1.7307456731796265,1.589129090309143,0.11538304388523102,0.30792713165283203,61.52481460571289,65.02967834472656,1.047226905822754,60.47758483886719,72.20117950439453,69.1698989868164,66.53030395507812,72.20117950439453,62.58784484863281,0.03690275922417641,0.999988317489624,0.0,0.5333333611488342,1.0,1.0
29,data/latent/train/1781996010272_heuristic_00046.npz,651,-1.5885820388793945,-1.4789263010025024,-0.10590546578168869,-0.07823944091796875,40.055965423583984,41.70186996459961,-1.0550916194915771,41.11104965209961,42.988162994384766,44.36932373046875,46.564002990722656,50.42333221435547,42.988162994384766,0.053543705493211746,0.9997383952140808,1.2715658215256553e-07,0.8666666746139526,1.0,1.0
30,data/latent/train/1781995927298_heuristic_00037.npz,689,-1.28416907787323,-1.1988693475723267,-0.0856112688779831,-0.04996467009186745,50.24482727050781,54.755348205566406,-0.8723375201225281,51.11717224121094,53.8640251159668,59.82814407348633,55.311214447021484,59.82814407348633,50.813499450683594,0.11672516167163849,0.9999971985816956,0.0,0.46666666865348816,1.0,1.0
31,data/latent/train/1781995827249_heuristic_00026.npz,389,-1.7377209663391113,-1.6197291612625122,-0.11584806442260742,-0.10847592353820801,35.12715530395508,38.39942169189453,-1.164383053779602,36.29153060913086,32.199405670166016,42.08859634399414,39.21189880371094,42.08859634399414,32.199405670166016,0.9999802112579346,0.999549925327301,3.8941701063777145e-07,1.0,1.0,1.0
32,data/latent/train/1781995954713_heuristic_00040.npz,136,-0.041014909744262695,-0.09748038649559021,-0.0027343272231519222,0.3200500011444092,60.09030532836914,64.34700012207031,-0.2779296338558197,60.36823272705078,61.80768966674805,68.6499252319336,66.26246643066406,69.78152465820312,61.80768966674805,0.29361334443092346,0.9996899962425232,2.777576355583733e-06,0.46666666865348816,1.0,1.0
33,data/latent/train/1781995734609_heuristic_00016.npz,722,-0.4603252410888672,-0.4624565541744232,-0.030688349157571793,0.12598097324371338,50.92900466918945,53.471805572509766,-0.4521835148334503,51.381187438964844,58.62554931640625,57.08211135864258,57.195560455322266,58.8991813659668,55.3099479675293,-0.05463457480072975,0.9999960660934448,1.9868215961338365e-09,0.800000011920929,1.0,1.0
34,data/latent/train/1781995927298_heuristic_00037.npz,526,-1.763432264328003,-1.6462746858596802,-0.11756215244531631,-0.11323583126068115,38.72651672363281,42.56451416015625,-1.1933213472366333,39.91984558105469,35.01732635498047,47.10184860229492,42.435150146484375,47.10184860229492,35.01732635498047,-0.10622512549161911,0.9994876384735107,9.657939699536655e-06,0.6000000238418579,1.0,1.0
35,data/latent/train/1781995586132_heuristic_00000.npz,311,-1.5585503578186035,-1.4629613161087036,-0.10390336066484451,-0.0709528923034668,44.792301177978516,48.12950134277344,-1.0879642963409424,45.88026428222656,46.675453186035156,52.54831314086914,49.91166687011719,52.54831314086914,46.33140182495117,-0.6732189655303955,0.9950685501098633,3.050367013202049e-05,0.9333333373069763,0.9333333373069763,1.0
36,data/latent/train/1781995624027_heuristic_00004.npz,486,4.665328502655029,4.473662853240967,0.3110218942165375,0.7167818546295166,65.22270202636719,67.59703826904297,3.6897988319396973,61.53290557861328,64.88374328613281,71.8465805053711,66.47349548339844,71.8465805053711,62.17677688598633,0.9985688924789429,0.9988133907318115,2.2649764730431343e-07,1.0,1.0,1.0
37,data/latent/train/1781995836527_heuristic_00027.npz,890,11.055999755859375,10.253462791442871,0.7370666265487671,0.906912088394165,89.83097839355469,92.42771911621094,7.156989574432373,82.67399597167969,84.05091857910156,93.78816986083984,90.75066375732422,94.2096176147461,84.05091857910156,-0.09741715341806412,0.9988805055618286,1.1942784112761728e-05,0.800000011920929,1.0,1.0
38,data/latent/train/1781975592337_heuristic_00005.npz,935,-0.5985244512557983,-0.5612139701843262,-0.03990162909030914,-0.0016675032675266266,54.01358413696289,57.454124450683594,-0.4129103422164917,54.42649841308594,54.94549560546875,61.75638198852539,59.73994827270508,62.01541519165039,54.94549560546875,0.7391644716262817,0.9998237490653992,2.443790378947597e-07,0.5333333611488342,1.0,1.0
39,data/latent/train/1781995697152_heuristic_00012.npz,358,-1.3151463270187378,-1.2332067489624023,-0.08767642080783844,-0.0443575419485569,61.445068359375,66.67388153076172,-0.9124585390090942,62.357513427734375,60.540618896484375,72.73979949951172,67.16622161865234,72.73979949951172,60.540618896484375,0.4500189423561096,0.9985225796699524,3.565152655937709e-05,0.5333333611488342,1.0,1.0
40,data/latent/train/1781995808764_heuristic_00024.npz,572,-1.617525577545166,-1.511002540588379,-0.10783503949642181,-0.101531982421875,39.885162353515625,43.625831604003906,-1.0986754894256592,40.983821868896484,44.02239990234375,48.55571365356445,43.659114837646484,48.55571365356445,41.52425765991211,-1.0,0.9989280700683594,0.00019194484048057348,1.0,1.0,1.0
41,data/latent/train/1781975731978_heuristic_00020.npz,322,-1.6448171138763428,-1.5321886539459229,-0.10965447127819061,-0.09459590911865234,29.002498626708984,31.94565773010254,-1.097310185432434,30.099802017211914,29.915584564208984,35.47249221801758,32.26274871826172,35.47249221801758,28.261375427246094,0.4623223841190338,0.9994659423828125,2.11795168070239e-06,0.46666666865348816,1.0,1.0
42,data/latent/train/1781995836527_heuristic_00027.npz,595,5.539938449859619,4.999086856842041,0.3693292438983917,0.7380964756011963,60.124446868896484,67.29462432861328,3.001255750656128,57.12319564819336,44.918212890625,70.84647369384766,58.914031982421875,70.84647369384766,44.918212890625,0.941715657711029,0.9999995827674866,0.0,0.800000011920929,1.0,1.0
43,data/latent/train/1781995678845_heuristic_00010.npz,338,-1.3323954343795776,-1.2530114650726318,-0.08882636576890945,-0.01649952307343483,52.56412887573242,57.48316955566406,-0.9443621635437012,53.508487701416016,52.72675323486328,62.82984161376953,57.564640045166016,63.65097427368164,51.59920120239258,-0.3769020736217499,0.9999768137931824,4.1921933302546677e-07,0.800000011920929,1.0,1.0
44,data/latent/train/1781995874538_heuristic_00031.npz,392,-1.4791687726974487,-1.386250376701355,-0.0986112505197525,-0.07590138912200928,38.11994171142578,41.603111267089844,-1.0234003067016602,39.14334487915039,47.55533981323242,46.70104217529297,41.532073974609375,47.55533981323242,37.797481536865234,0.9999914169311523,0.9998832941055298,1.9868215517249155e-08,1.0,1.0,1.0
45,data/latent/train/1781975776928_heuristic_00025.npz,891,-1.5825557708740234,-1.4813989400863647,-0.10550371557474136,-0.08851766586303711,43.740386962890625,46.644081115722656,-1.0873427391052246,44.82773208618164,46.4784049987793,50.26060104370117,49.7232551574707,52.053401947021484,46.4784049987793,0.7699090242385864,0.9987579584121704,1.9792716557276435e-05,0.5333333611488342,1.0,1.0
46,data/latent/train/1781975731978_heuristic_00020.npz,228,-1.7478376626968384,-1.63120698928833,-0.11652251332998276,-0.11369204521179199,26.29474449157715,31.228015899658203,-1.180374264717102,27.475120544433594,19.93964385986328,36.14497375488281,26.94662094116211,36.14497375488281,19.93964385986328,0.9999991059303284,0.9995347857475281,7.947286384535346e-09,1.0,1.0,1.0
47,data/latent/train/1781995836527_heuristic_00027.npz,624,-1.7663226127624512,-1.6475178003311157,-0.11775483936071396,-0.1149214506149292,37.352237701416016,40.287208557128906,-1.1887201070785522,38.54096221923828,40.8984375,44.1759147644043,42.0826416015625,44.1759147644043,40.5142707824707,0.6923466920852661,0.999723494052887,3.824631221505115e-06,0.3333333432674408,1.0,1.0
48,data/latent/train/1781975574208_heuristic_00003.npz,85,10.552242279052734,9.971338272094727,0.7034828066825867,0.9662378430366516,68.10765075683594,65.32111358642578,7.645979881286621,60.461666107177734,74.63179016113281,64.75959014892578,68.92672729492188,74.63179016113281,64.75959014892578,0.6164839267730713,0.999783456325531,7.112820981092227e-07,0.6000000238418579,1.0,1.0
49,data/latent/train/1781995586132_heuristic_00000.npz,833,-1.5897529125213623,-1.487323522567749,-0.10598352551460266,-0.08931934833526611,42.39664077758789,46.18351745605469,-1.0888242721557617,43.48545455932617,40.776145935058594,50.42142105102539,47.07026672363281,50.42142105102539,40.776145935058594,0.6050898432731628,0.999678909778595,1.5695890454026085e-07,0.46666666865348816,1.0,1.0
50,data/latent/train/1781995605201_heuristic_00002.npz,788,-1.7213661670684814,-1.6066051721572876,-0.11475774645805359,-0.1119070053100586,33.642696380615234,36.710819244384766,-1.1627901792526245,34.80549240112305,32.58382034301758,40.233585357666016,37.752445220947266,40.69485855102539,32.58382034301758,0.2984444797039032,0.9997144341468811,1.6490618293119041e-07,0.6666666865348816,1.0,1.0
51,data/latent/train/1781975776928_heuristic_00025.npz,240,-1.343422770500183,-1.264561414718628,-0.08956151455640793,-0.035876039415597916,52.919639587402344,55.581382751464844,-0.9566442966461182,53.876285552978516,59.96637725830078,59.53566360473633,60.221954345703125,61.74288558959961,58.23308181762695,-0.155829519033432,0.999931275844574,5.702177645616757e-07,0.800000011920929,1.0,1.0
52,data/latent/train/1781995892840_heuristic_00033.npz,877,-1.289064884185791,-1.196311593055725,-0.08593765646219254,-0.052265409380197525,30.26933479309082,32.3851318359375,-0.8386992812156677,31.10803985595703,27.596099853515625,35.265586853027344,33.91393280029297,36.83517074584961,27.596099853515625,-0.8579285740852356,0.9994156956672668,8.885065653885249e-06,0.8666666746139526,1.0,1.0
53,data/latent/train/1781975601594_heuristic_00006.npz,59,18.14795684814453,16.819028854370117,1.2098637819290161,1.4684233665466309,104.41460418701172,106.75798797607422,11.737550735473633,92.67707061767578,90.75332641601562,106.26336669921875,100.86756134033203,106.26336669921875,90.75332641601562,-1.0,0.999637246131897,4.198153874312993e-06,1.0,1.0,1.0
54,data/latent/train/1781995808764_heuristic_00024.npz,337,-1.6520593166351318,-1.5410170555114746,-0.11013729125261307,-0.10315120220184326,33.39942169189453,37.5473747253418,-1.1130998134613037,34.51252365112305,29.926475524902344,41.76271057128906,36.33686065673828,41.76271057128906,29.926475524902344,0.7147042751312256,0.9999414086341858,0.0,0.6666666865348816,1.0,1.0
55,data/latent/train/1781995734609_heuristic_00016.npz,151,14.929239273071289,13.772216796875,0.9952825903892517,1.2533650398254395,94.88451385498047,97.85311126708984,9.354931831359863,85.52958679199219,81.72806549072266,97.0203628540039,93.9917221069336,99.20365142822266,81.72806549072266,-0.2253289520740509,0.999978244304657,1.7881394143159923e-08,0.8666666746139526,1.0,1.0
56,data/latent/train/1781995936765_heuristic_00038.npz,451,0.021023154258728027,-0.001411639153957367,0.0014015436172485352,0.23394441604614258,56.68122863769531,60.044776916503906,-0.0875207781791687,56.76875305175781,62.63325881958008,64.08728790283203,62.757450103759766,64.18467712402344,59.42082595825195,-0.28705886006355286,0.9999929070472717,1.390775050680304e-08,0.5333333611488342,1.0,1.0
57,data/latent/train/1781995963949_heuristic_00041.npz,797,-1.6380243301391602,-1.5253387689590454,-0.10920162498950958,-0.09755611419677734,29.35458755493164,30.212984085083008,-1.0910916328430176,30.445674896240234,32.29884338378906,31.963151931762695,35.036041259765625,37.04719924926758,31.963151931762695,0.6643273234367371,0.9997894763946533,2.7815499947791977e-07,0.46666666865348816,1.0,1.0
58,data/latent/train/1781995827249_heuristic_00026.npz,231,-1.7719160318374634,-1.6530710458755493,-0.1181277334690094,-0.11673951148986816,29.57976722717285,30.953760147094727,-1.193974256515503,30.773740768432617,36.68509292602539,33.60850143432617,34.62757110595703,36.68509292602539,33.19818115234375,0.3597048223018646,0.999974250793457,0.0,0.0,1.0,1.0
59,data/latent/train/1781995874538_heuristic_00031.npz,53,15.207544326782227,14.138115882873535,1.0138362646102905,1.1710309982299805,100.91797637939453,100.28028869628906,10.038251876831055,90.87973022460938,105.40105438232422,99.2789306640625,102.33773040771484,105.48686218261719,99.2789306640625,0.059542201459407806,0.9999939203262329,0.0,0.06666667014360428,1.0,1.0
60,data/latent/train/1781995734609_heuristic_00016.npz,405,-1.7458299398422241,-1.6294007301330566,-0.11638866364955902,-0.11525237560272217,34.274662017822266,37.786705017089844,-1.1796555519104004,35.45431137084961,29.378164291381836,41.32352066040039,38.25155258178711,42.50432205200195,29.378164291381836,0.551550030708313,0.9980705380439758,3.1526884413324296e-05,0.8666666746139526,1.0,1.0
61,data/latent/train/1781996037878_heuristic_00049.npz,199,-1.7363190650939941,-1.6206023693084717,-0.11575460433959961,-0.11393022537231445,40.297752380371094,43.266292572021484,-1.1733906269073486,41.47114181518555,45.2722053527832,47.37847137451172,45.36998748779297,47.37847137451172,43.55537796020508,0.10931305587291718,0.9999959468841553,0.0,0.0,1.0,1.0
62,data/latent/train/1781996000904_heuristic_00045.npz,91,9.811182022094727,9.0819730758667,0.6540787816047668,0.8331633806228638,74.8902359008789,77.58356475830078,6.309438705444336,68.58077239990234,72.36380767822266,79.26778411865234,74.36495208740234,79.26778411865234,71.99723815917969,0.9999101161956787,0.9999932646751404,0.0,1.0,1.0,1.0
63,data/latent/train/1781995772209_heuristic_00020.npz,581,1.3770990371704102,1.2658660411834717,0.09180660545825958,0.20848441123962402,69.51891326904297,75.2242660522461,0.8568968176841736,68.66200256347656,70.2785873413086,81.18851470947266,73.56576538085938,81.18851470947266,66.29895782470703,0.9969030618667603,0.9982573986053467,2.046426175184024e-07,1.0,1.0,1.0
64,data/latent/train/1781995688182_heuristic_00011.npz,944,-1.679689645767212,-1.5661671161651611,-0.11197931319475174,-0.10314750671386719,42.36444091796875,45.16341781616211,-1.128283977508545,43.492733001708984,48.36330795288086,49.18510437011719,47.938377380371094,49.18510437011719,45.94021224975586,-0.37032458186149597,0.999826967716217,1.7702579953038367e-06,0.7333333492279053,1.0,1.0
65,data/latent/train/1781995936765_heuristic_00038.npz,524,-1.596589207649231,-1.494271993637085,-0.10643927752971649,-0.09089052677154541,45.29829788208008,48.290348052978516,-1.0959930419921875,46.394290924072266,49.89118576049805,52.36837387084961,51.15647888183594,53.329322814941406,48.78591537475586,0.02965066209435463,0.9976455569267273,6.63002310830052e-06,0.5333333611488342,1.0,1.0
66,data/latent/train/1781975722846_heuristic_00019.npz,66,19.967025756835938,18.51357650756836,1.3311350345611572,1.5180292129516602,104.05977630615234,105.39966583251953,12.93526840209961,91.12451171875,91.62728881835938,103.5915756225586,99.84605407714844,103.66768646240234,91.62728881835938,-0.9994764924049377,0.9999647736549377,2.03251829589135e-06,1.0,1.0,1.0
67,data/latent/train/1781975565096_heuristic_00002.npz,319,-1.614525556564331,-1.5129456520080566,-0.10763503611087799,-0.08466386795043945,46.254703521728516,51.17915344238281,-1.1166508197784424,47.371360778808594,45.01174545288086,56.6318473815918,50.2024040222168,56.6318473815918,44.814273834228516,-0.31588172912597656,0.9996119141578674,1.5656153209420154e-06,0.9333333373069763,1.0,1.0
68,data/latent/train/1781995707003_heuristic_00013.npz,859,-1.6550538539886475,-1.5444735288619995,-0.11033692210912704,-0.09986293315887451,41.06231689453125,43.5346794128418,-1.117072582244873,42.179386138916016,46.839473724365234,46.79845428466797,47.26448059082031,50.912296295166016,45.91744613647461,-0.5392056703567505,0.9999885559082031,1.9868215961338365e-09,0.8666666746139526,1.0,1.0
69,data/latent/train/1781995982334_heuristic_00043.npz,85,16.907760620117188,15.773138999938965,1.1271840333938599,1.1920115947723389,99.68409729003906,97.06028747558594,11.381725311279297,88.3023681640625,99.1727294921875,93.93617248535156,101.05241394042969,103.4638900756836,93.93617248535156,-0.29493454098701477,0.9998385310173035,2.948443125205813e-06,0.8666666746139526,1.0,1.0
70,data/latent/train/1781995651476_heuristic_00007.npz,986,-1.707090973854065,-1.5947593450546265,-0.11380606144666672,-0.10735583305358887,32.77379608154297,34.86614990234375,-1.1598206758499146,33.93361282348633,26.12078285217285,37.63216018676758,37.30908966064453,39.925838470458984,26.12078285217285,0.9994139075279236,0.9981318116188049,2.453724619044806e-06,1.0,1.0,1.0
71,data/latent/train/1781995865173_heuristic_00030.npz,626,-0.15433073043823242,-0.194123312830925,-0.010288715362548828,0.17708098888397217,65.13760375976562,70.42479705810547,-0.31786179542541504,65.45547485351562,63.77809524536133,75.3979263305664,71.35812377929688,76.237548828125,63.04886245727539,-0.839779257774353,0.9999646544456482,1.2318292874624603e-07,0.9333333373069763,1.0,1.0
72,data/latent/train/1781995918104_heuristic_00036.npz,107,-0.22385384142398834,-0.1717195361852646,-0.014923589304089546,0.19531798362731934,60.48944091796875,65.56537628173828,0.024623289704322815,60.46480941772461,54.45315170288086,72.05426025390625,63.837982177734375,72.05426025390625,54.45315170288086,0.3985835313796997,0.9999291896820068,4.708766994099278e-07,0.06666667014360428,1.0,1.0
73,data/latent/train/1781995808764_heuristic_00024.npz,34,6.2814459800720215,5.777433395385742,0.41876307129859924,0.6146835088729858,69.08202362060547,72.13689422607422,3.8705968856811523,65.21141815185547,68.09379577636719,74.35640716552734,71.35202026367188,74.35640716552734,67.14249420166016,0.39864253997802734,0.9999988079071045,0.0,0.0,1.0,1.0
74,data/latent/train/1781995734609_heuristic_00016.npz,419,-1.6336183547973633,-1.5201237201690674,-0.10890789330005646,-0.08675181865692139,32.96308898925781,35.30588150024414,-1.0827267169952393,34.045814514160156,29.414615631103516,38.471073150634766,37.14631652832031,39.122013092041016,29.414615631103516,0.5913088917732239,0.9996702671051025,1.8676122692795616e-07,0.46666666865348816,1.0,1.0
75,data/latent/train/1781995678845_heuristic_00010.npz,556,-1.5274534225463867,-1.4325536489486694,-0.10183022916316986,-0.068625807762146,49.4024543762207,53.4380989074707,-1.0607532262802124,50.46321487426758,53.2714958190918,58.45315933227539,54.72943115234375,58.45315933227539,51.81020736694336,0.30254441499710083,0.9999948143959045,0.0,0.0,1.0,1.0
76,data/latent/train/1781995936765_heuristic_00038.npz,694,-1.5449590682983398,-1.4490629434585571,-0.10299727320671082,-0.08286666870117188,36.51078414916992,41.405616760253906,-1.0743029117584229,37.5850830078125,35.541229248046875,46.29898452758789,39.20826721191406,46.29898452758789,32.25156021118164,0.9067515134811401,0.9999030828475952,8.742014756535355e-08,0.800000011920929,1.0,1.0
77,data/latent/train/1781975767951_heuristic_00024.npz,48,15.492072105407715,14.428616523742676,1.0328048467636108,1.0989181995391846,96.56600952148438,97.03304290771484,10.323953628540039,86.2420654296875,92.91311645507812,96.69498443603516,95.43916320800781,96.69498443603516,92.60018157958984,0.18202193081378937,0.999996542930603,0.0,0.13333334028720856,1.0,1.0
78,data/latent/train/1781975785803_heuristic_00026.npz,960,-1.7538087368011475,-1.6364119052886963,-0.1169205829501152,-0.1135019063949585,33.771629333496094,36.10322952270508,-1.1828492879867554,34.954471588134766,36.092891693115234,39.354305267333984,38.525291442871094,39.98609161376953,36.092891693115234,0.18534237146377563,0.9985495209693909,1.9073486612342094e-07,0.3333333432674408,1.0,1.0
79,data/latent/train/1781975713363_heuristic_00018.npz,559,-1.6508134603500366,-1.545095443725586,-0.11005423218011856,-0.0917203426361084,38.8306999206543,43.58665466308594,-1.1334048509597778,39.964115142822266,34.885860443115234,48.159908294677734,42.30384826660156,48.25835037231445,34.885860443115234,-0.13390909135341644,0.999768853187561,3.973643103449831e-08,0.46666666865348816,1.0,1.0
80,data/latent/train/1781995808764_heuristic_00024.npz,505,-1.5150933265686035,-1.418485164642334,-0.10100622475147247,-0.07619225978851318,40.82620620727539,44.243839263916016,-1.0429582595825195,41.869171142578125,38.1785888671875,48.314083099365234,45.26541519165039,48.56205368041992,38.1785888671875,0.09252022206783295,0.9998975396156311,2.404053986992949e-07,0.6666666865348816,1.0,1.0
81,data/latent/train/1781995799509_heuristic_00023.npz,785,-1.6355183124542236,-1.5226340293884277,-0.10903455317020416,-0.09278571605682373,34.791526794433594,38.13193130493164,-1.0893961191177368,35.88092041015625,38.984195709228516,42.348880767822266,38.497840881347656,42.348880767822266,34.67802047729492,0.024803226813673973,0.999115526676178,8.602937100476993e-07,0.6000000238418579,1.0,1.0
82,data/latent/train/1781975574208_heuristic_00003.npz,688,3.0569276809692383,2.8018059730529785,0.2037951797246933,0.3436392545700073,72.60897064208984,74.86357879638672,1.8483312129974365,70.76062774658203,79.99774932861328,78.15106964111328,78.92216491699219,81.33654022216797,77.46295928955078,-0.010732588358223438,0.9999774098396301,0.0,0.0,1.0,1.0
83,data/latent/train/1781995818312_heuristic_00025.npz,566,2.442495822906494,2.213477611541748,0.1628330498933792,0.46396470069885254,68.91006469726562,74.03185272216797,1.3366785049438477,67.57337951660156,69.77340698242188,78.81346893310547,72.942626953125,78.81346893310547,67.81118774414062,-0.2601570188999176,0.9999199509620667,2.1855036891338386e-08,0.7333333492279053,1.0,1.0
84,data/latent/train/1781996037878_heuristic_00049.npz,568,7.634794235229492,7.026216983795166,0.5089862942695618,0.7874772548675537,78.22587585449219,81.7200698852539,4.702334403991699,73.52354431152344,76.53414154052734,83.83474731445312,80.57279968261719,85.11264038085938,76.53414154052734,0.33902251720428467,0.9991419315338135,1.8153588825953193e-05,0.6666666865348816,1.0,1.0
85,data/latent/train/1781975740977_heuristic_00021.npz,787,-1.512006163597107,-1.4070801734924316,-0.10080040991306305,-0.07210004329681396,41.33768081665039,45.84766387939453,-1.0019173622131348,42.339599609375,35.82082748413086,50.38697052001953,45.06732177734375,50.38697052001953,35.82082748413086,-0.4917568266391754,0.9994308352470398,9.427468285139184e-06,0.9333333373069763,1.0,1.0
86,data/latent/train/1781975703598_heuristic_00017.npz,829,1.052355170249939,1.0228338241577148,0.0701570138335228,0.266390323638916,51.5138053894043,55.258705139160156,0.8828167915344238,50.630985260009766,53.755741119384766,59.52537536621094,54.787967681884766,59.52537536621094,47.08015060424805,0.167036235332489,0.999997079372406,0.0,0.46666666865348816,1.0,1.0
87,data/latent/train/1781995874538_heuristic_00031.npz,30,6.89705753326416,6.4361572265625,0.45980384945869446,0.6119720935821533,76.18670654296875,77.7884750366211,4.647147178649902,71.53956604003906,74.29362487792969,79.88068389892578,79.20771789550781,81.3124008178711,74.29362487792969,-0.13338537514209747,0.9999979734420776,0.0,0.4000000059604645,1.0,1.0
88,data/latent/train/1781975666230_heuristic_00013.npz,891,4.690428733825684,4.387450218200684,0.3126952350139618,0.4330625534057617,75.2108154296875,77.71662902832031,3.194173574447632,72.01665496826172,71.06832122802734,80.9323501586914,79.3036117553711,81.19242095947266,71.06832122802734,0.9394804835319519,0.9997007250785828,1.5894572769070692e-08,0.6666666865348816,1.0,1.0
89,data/latent/train/1781996019435_heuristic_00047.npz,31,10.510696411132812,9.760858535766602,0.7007130980491638,0.8767008781433105,83.59770202636719,86.91543579101562,6.899843215942383,76.69786834716797,75.0976791381836,89.39705657958984,82.48025512695312,89.39705657958984,75.0976791381836,0.4404948651790619,0.9999933242797852,0.0,0.13333334028720856,1.0,1.0
90,data/latent/train/1781975629865_heuristic_00009.npz,485,16.203262329101562,15.052079200744629,1.0802174806594849,1.2034902572631836,85.1260757446289,84.61306762695312,10.620231628417969,74.50585174560547,84.62206268310547,82.3355712890625,83.49393463134766,85.00545501708984,82.12967681884766,0.08713463693857193,0.9999986290931702,0.0,0.2666666805744171,1.0,1.0
91,data/latent/train/1781995651476_heuristic_00007.npz,54,12.742039680480957,11.742732048034668,0.8494693040847778,1.1136023998260498,100.03890991210938,104.02971649169922,7.944726943969727,92.09417724609375,92.47332000732422,105.0401840209961,100.98259735107422,105.46379852294922,92.34706115722656,-0.9988452792167664,0.9999403357505798,3.2385190706918365e-07,1.0,1.0,1.0
92,data/latent/train/1781995892840_heuristic_00033.npz,849,-1.5932412147521973,-1.4853774309158325,-0.10621608048677444,-0.10147655010223389,30.9366512298584,36.956851959228516,-1.0701477527618408,32.00679397583008,22.803030014038086,42.10747146606445,31.81795883178711,42.248165130615234,20.281265258789062,0.23157671093940735,0.9952916502952576,2.5828680350059585e-07,0.3333333432674408,0.9333333373069763,1.0
93,data/latent/train/1781995982334_heuristic_00043.npz,241,1.1918922662734985,1.0098037719726562,0.07945948094129562,0.4497365951538086,72.65980529785156,80.18877410888672,0.3725358545780182,72.28726959228516,66.40271759033203,86.6571044921875,76.3876953125,86.6571044921875,66.40271759033203,-0.04399311542510986,0.9999879598617554,0.0,0.4000000059604645,1.0,1.0
94,data/latent/train/1781996010272_heuristic_00046.npz,910,0.2260642796754837,0.17484675347805023,0.015070951543748379,0.13845491409301758,61.945011138916016,67.65620422363281,-0.0021880120038986206,61.947208404541016,59.56275939941406,73.40201568603516,66.07341003417969,73.40201568603516,59.56275939941406,0.530501127243042,0.9994164109230042,5.523363597603748e-07,0.7333333492279053,1.0,1.0
95,data/latent/train/1781995963949_heuristic_00041.npz,45,12.218526840209961,11.342995643615723,0.8145684599876404,0.9348844289779663,99.4100341796875,101.28348541259766,7.969420909881592,91.44062042236328,95.06359100341797,102.31273651123047,101.20286560058594,103.03218078613281,95.06359100341797,-0.15140055119991302,0.999942421913147,1.7881394143159923e-08,0.7333333492279053,1.0,1.0
96,data/latent/train/1781975795046_heuristic_00027.npz,570,-0.9497578144073486,-0.913013219833374,-0.0633171871304512,0.061118122190237045,56.9581413269043,62.54914474487305,-0.7551101446151733,57.71324920654297,55.77507400512695,68.83989715576172,61.061798095703125,68.83989715576172,55.77507400512695,-0.15208013355731964,0.9944692254066467,2.379616125836037e-05,0.6666666865348816,0.9333333373069763,1.0
97,data/latent/train/1781995827249_heuristic_00026.npz,478,-1.586268663406372,-1.4840742349624634,-0.10575124621391296,-0.08730852603912354,46.66948699951172,51.70518493652344,-1.088193655014038,47.7576904296875,44.7552604675293,56.971012115478516,50.833282470703125,56.971012115478516,43.24020004272461,-0.05300534889101982,0.9996269345283508,1.8278757352163666e-07,0.7333333492279053,1.0,1.0
98,data/latent/train/1781995973433_heuristic_00042.npz,923,-1.2350877523422241,-1.15114164352417,-0.08233918249607086,-0.07683706283569336,31.650177001953125,33.010066986083984,-0.8275381326675415,32.477725982666016,29.678775787353516,35.56353759765625,35.96611404418945,38.73630142211914,29.678775787353516,0.0973535105586052,0.9975516200065613,2.4636585749249207e-07,0.4000000059604645,1.0,1.0
99,data/latent/train/1781995743605_heuristic_00017.npz,424,-1.7392268180847168,-1.6236014366149902,-0.11594845354557037,-0.1120373010635376,19.982898712158203,20.802371978759766,-1.1764307022094727,21.15932846069336,22.373985290527344,22.439071655273438,24.119728088378906,25.211013793945312,22.373985290527344,0.9999538660049438,0.9993856549263,3.337860050578456e-07,1.0,1.0,1.0
100,data/latent/train/1781995669694_heuristic_00009.npz,224,-1.5034412145614624,-1.407416582107544,-0.100229412317276,-0.06359207630157471,40.32777786254883,43.21992111206055,-1.0357383489608765,41.3635139465332,37.499210357666016,46.92769241333008,45.108856201171875,47.74028396606445,37.499210357666016,0.19222788512706757,0.9999846816062927,4.371007378267677e-08,0.2666666805744171,1.0,1.0
101,data/latent/train/1781995642283_heuristic_00006.npz,463,-1.745783805847168,-1.629989504814148,-0.11638558655977249,-0.10914576053619385,31.96472930908203,33.07838821411133,-1.1817717552185059,33.14649963378906,31.775392532348633,35.15237808227539,37.68074417114258,43.340084075927734,31.775392532348633,-0.013471229933202267,0.9997748732566833,5.205472461966565e-07,0.7333333492279053,1.0,1.0
102,data/latent/train/1781975703598_heuristic_00017.npz,752,-1.103686809539795,-1.03459632396698,-0.07357911765575409,-0.02375638857483864,50.72476577758789,54.98414611816406,-0.7683659791946411,51.493133544921875,51.60599136352539,60.09183883666992,55.45682144165039,60.09183883666992,51.60599136352539,0.028232408687472343,0.9998884797096252,9.536743306171047e-08,0.46666666865348816,1.0,1.0
103,data/latent/train/1781995818312_heuristic_00025.npz,848,-1.4530521631240845,-1.3545515537261963,-0.09687014669179916,-0.07948362827301025,27.326547622680664,28.249067306518555,-0.9727494120597839,28.299291610717773,42.1324348449707,30.85077667236328,32.116615295410156,42.1324348449707,29.535415649414062,0.9999953508377075,0.9981307983398438,1.0728835775353218e-07,1.0,1.0,1.0
104,data/latent/train/1781995762779_heuristic_00019.npz,394,-1.4812051057815552,-1.3835580348968506,-0.09874700754880905,-0.09026610851287842,19.46348762512207,21.239620208740234,-1.005068063735962,20.468549728393555,21.047916412353516,23.55742073059082,22.258947372436523,23.55742073059082,20.72998809814453,0.28059121966362,0.9999732375144958,0.0,0.20000000298023224,1.0,1.0
105,data/latent/train/1781975648229_heuristic_00011.npz,980,-1.132036805152893,-1.0504496097564697,-0.07546912133693695,-0.04703688994050026,49.33355712890625,54.38620376586914,-0.7367322444915771,50.07029724121094,48.556732177734375,60.447898864746094,52.55335235595703,60.447898864746094,48.556732177734375,-0.5019700527191162,0.9996998310089111,1.653432809689548e-05,0.2666666805744171,1.0,1.0
106,data/latent/train/1781995772209_heuristic_00020.npz,74,20.662181854248047,19.16031837463379,1.377478837966919,1.7458415031433105,90.30656433105469,86.39144897460938,13.422781944274902,76.88379669189453,90.2090835571289,79.88109588623047,89.2837142944336,94.9235610961914,79.88109588623047,-0.1681944876909256,0.9996841549873352,1.911322215164546e-06,0.800000011920929,1.0,1.0
107,data/latent/train/1781995624027_heuristic_00004.npz,800,-1.3105723857879639,-1.2150161266326904,-0.08737149089574814,-0.0622098483145237,49.088600158691406,52.830020904541016,-0.8497722148895264,49.93836975097656,52.39265060424805,58.25065994262695,53.583194732666016,58.25065994262695,52.210594177246094,-0.3471265137195587,0.9999349117279053,7.053216108943161e-07,0.06666667014360428,1.0,1.0
108,data/latent/train/1781975759513_heuristic_00023.npz,132,-1.7767428159713745,-1.6577931642532349,-0.11844952404499054,-0.11768591403961182,28.4715633392334,31.349639892578125,-1.1983424425125122,29.669912338256836,22.85736083984375,34.29530715942383,32.083988189697266,35.36566162109375,22.85736083984375,0.6425777673721313,0.9999667406082153,4.728635190076602e-07,0.8666666746139526,1.0,1.0
109,data/latent/train/1781995818312_heuristic_00025.npz,21,0.6427000761032104,0.5558090209960938,0.0428466722369194,0.17756211757659912,65.40863037109375,71.07431030273438,0.24853238463401794,65.16010284423828,62.23725128173828,76.65808868408203,69.81283569335938,76.65808868408203,62.23725128173828,0.8916880488395691,0.9977062344551086,5.125999678057269e-07,0.800000011920929,1.0,1.0
110,data/latent/train/1781995827249_heuristic_00026.npz,927,-1.540406346321106,-1.4406598806381226,-0.10269375890493393,-0.09011828899383545,46.446693420410156,50.97890090942383,-1.0553710460662842,47.5020637512207,44.74226760864258,56.39216613769531,50.37893295288086,56.996089935302734,44.74226760864258,0.23069579899311066,0.9996105432510376,1.4223654943634756e-05,0.8666666746139526,1.0,1.0
111,data/latent/train/1781975684660_heuristic_00015.npz,341,0.474650502204895,0.403076171875,0.03164336830377579,0.11558115482330322,38.9476318359375,40.7950553894043,0.1481146514415741,38.79951477050781,45.98056411743164,43.57151794433594,42.75529479980469,46.0185546875,40.442508697509766,0.99985271692276,0.9999514818191528,9.934107758624577e-09,1.0,1.0,1.0
112,data/latent/train/1781996037878_heuristic_00049.npz,249,0.6530343294143677,0.6295203566551208,0.04353562369942665,0.13781166076660156,48.90037536621094,51.97652816772461,0.5322767496109009,48.36809539794922,51.22089767456055,55.89299392700195,52.64508056640625,55.89299392700195,48.55974578857422,0.9999996423721313,0.9989070892333984,5.861123213435349e-07,1.0,1.0,1.0
113,data/latent/train/1781975638980_heuristic_00010.npz,279,-1.5722205638885498,-1.4749528169631958,-0.10481470078229904,-0.053632501512765884,48.90882110595703,55.529293060302734,-1.0936508178710938,50.002471923828125,47.66208267211914,62.53208923339844,51.36199188232422,62.53208923339844,44.574214935302734,-0.5324122905731201,0.9999433159828186,9.735425265944286e-08,0.6666666865348816,1.0,1.0
114,data/latent/train/1781995827249_heuristic_00026.npz,578,8.532611846923828,7.767410755157471,0.5688408017158508,0.8914140462875366,83.42448425292969,87.5937271118164,4.880369663238525,78.54410552978516,89.29342651367188,89.060302734375,86.82361602783203,89.29342651367188,82.29015350341797,-0.8913494944572449,0.9992963671684265,6.1810014813090675e-06,0.8666666746139526,1.0,1.0
115,data/latent/train/1781995845712_heuristic_00028.npz,765,-1.7863354682922363,-1.6670069694519043,-0.1190890297293663,-0.11765182018280029,19.474599838256836,22.300451278686523,-1.2058969736099243,20.680496215820312,14.555947303771973,25.832008361816406,20.74604034423828,25.832008361816406,14.555947303771973,0.9074677228927612,0.9999287128448486,5.9604645663569045e-09,0.8666666746139526,1.0,1.0
116,data/latent/train/1781995855626_heuristic_00029.npz,696,-1.509308934211731,-1.413131594657898,-0.10062059760093689,-0.06433844566345215,53.111629486083984,57.292293548583984,-1.0408258438110352,54.15245819091797,54.78624725341797,62.55073928833008,58.683250427246094,62.998775482177734,54.78624725341797,-0.09431664645671844,0.999984860420227,1.331170409457627e-07,0.7333333492279053,1.0,1.0
117,data/latent/train/1781995743605_heuristic_00017.npz,550,3.2208049297332764,2.8437891006469727,0.21472032368183136,0.7336145639419556,64.0379867553711,69.56214141845703,1.4857898950576782,62.55219650268555,59.446250915527344,73.22016143798828,67.134033203125,73.22016143798828,59.446250915527344,0.999491810798645,0.9999948143959045,0.0,1.0,1.0,1.0
118,data/latent/train/1781975556701_heuristic_00001.npz,537,-1.4915552139282227,-1.3864777088165283,-0.09943701326847076,-0.08569812774658203,30.329357147216797,32.669700622558594,-0.98348069190979,31.312837600708008,27.447528839111328,35.39091110229492,34.40345001220703,37.32638168334961,27.447528839111328,0.03958652541041374,0.999627411365509,1.7464160464442102e-06,0.8666666746139526,1.0,1.0
119,data/latent/train/1781995954713_heuristic_00040.npz,877,-1.4520363807678223,-1.3690407276153564,-0.09680242836475372,-0.034961942583322525,48.92277145385742,54.30846405029297,-1.0382187366485596,49.96099090576172,44.06911849975586,60.15938949584961,52.4441032409668,60.15938949584961,44.06911849975586,-0.32736024260520935,0.9934278726577759,3.827413092949428e-05,0.8666666746139526,1.0,1.0
120,data/latent/train/1781995799509_heuristic_00023.npz,226,-1.7006666660308838,-1.584834098815918,-0.11337777972221375,-0.10658442974090576,30.430805206298828,33.07736587524414,-1.1384210586547852,31.569229125976562,41.12258529663086,36.48427963256836,34.803653717041016,41.12258529663086,29.553449630737305,-0.16234953701496124,0.9999469518661499,2.682209014892578e-07,0.6666666865348816,1.0,1.0
121,data/latent/train/1781995772209_heuristic_00020.npz,645,6.347081184387207,5.744363307952881,0.42313873767852783,0.7327799797058105,68.94157409667969,72.65999603271484,3.4728074073791504,65.46875,75.384521484375,73.55297088623047,73.10160827636719,77.84320068359375,65.91384887695312,0.1816849261522293,0.9999964237213135,0.0,0.7333333492279053,1.0,1.0
122,data/latent/train/1781995772209_heuristic_00020.npz,879,7.861032485961914,7.2114081382751465,0.5240688323974609,0.7640707492828369,60.53569030761719,64.28295135498047,4.76799201965332,55.76771545410156,60.22316360473633,66.34929656982422,59.37483596801758,66.34929656982422,55.373661041259766,-1.0,0.9998571872711182,6.626844697166234e-05,1.0,1.0,1.0
123,data/latent/train/1781995845712_heuristic_00028.npz,300,7.623074531555176,7.005638122558594,0.508204996585846,0.852807879447937,62.07788848876953,68.02854919433594,4.687211990356445,57.39067459106445,45.276737213134766,71.2586441040039,58.9635124206543,71.2586441040039,45.276737213134766,0.9743082523345947,0.9999980926513672,0.0,0.9333333373069763,1.0,1.0
124,data/latent/train/1781995633130_heuristic_00005.npz,744,-0.14533817768096924,-0.1760922372341156,-0.00968921184539795,0.32311928272247314,65.53251647949219,70.75524139404297,-0.2566947937011719,65.78919982910156,53.25327682495117,75.85689544677734,70.98526000976562,76.3650131225586,53.25327682495117,-0.2035260796546936,0.9987251162528992,4.251798145560315e-06,1.0,1.0,1.0
125,data/latent/train/1781995818312_heuristic_00025.npz,807,-1.3597441911697388,-1.2719703912734985,-0.09064961224794388,-0.07467389106750488,27.26370620727539,27.010828018188477,-0.9300065636634827,28.193714141845703,37.209495544433594,28.014141082763672,33.58964157104492,37.209495544433594,28.014141082763672,0.7132236361503601,0.9993860721588135,3.019968630724179e-07,0.13333334028720856,1.0,1.0
126,data/latent/train/1781975620542_heuristic_00008.npz,507,-1.7010836601257324,-1.5888357162475586,-0.11340557783842087,-0.10868346691131592,36.672786712646484,41.00729751586914,-1.154480218887329,37.8272705078125,38.908687591552734,46.3022575378418,39.355499267578125,46.3022575378418,36.13156509399414,-0.12393045425415039,0.9999704957008362,1.9868215961338365e-09,0.3333333432674408,1.0,1.0
127,data/latent/train/1781995808764_heuristic_00024.npz,490,-1.6664414405822754,-1.556624174118042,-0.1110960990190506,-0.09877371788024902,38.37656021118164,41.22922897338867,-1.1312377452850342,39.50780487060547,37.8120002746582,44.69595718383789,43.424041748046875,47.25413131713867,37.8120002746582,0.2627314329147339,0.9999248385429382,3.735224538559123e-07,0.7333333492279053,1.0,1.0
128,data/latent/train/1781995836527_heuristic_00027.npz,660,0.3168210983276367,0.29596593976020813,0.02112140692770481,0.10183191299438477,48.63780975341797,51.332786560058594,0.22204723954200745,48.41575241088867,48.99868392944336,55.134822845458984,52.79378128051758,55.134822845458984,48.99868392944336,0.22792455554008484,0.99947190284729,1.6291936333345802e-07,0.6000000238418579,1.0,1.0
129,data/latent/train/1781995855626_heuristic_00029.npz,473,-1.6338189840316772,-1.5269010066986084,-0.10892126709222794,-0.0869135856628418,44.529136657714844,48.73661422729492,-1.1140310764312744,45.64316940307617,45.151161193847656,53.286651611328125,49.40629577636719,55.10981369018555,44.150142669677734,-0.5208095908164978,0.999993622303009,0.0,0.8666666746139526,1.0,1.0
130,data/latent/train/1781995963949_heuristic_00041.npz,434,-1.5030767917633057,-1.4050188064575195,-0.10020511597394943,-0.08648908138275146,51.23448944091797,54.8399772644043,-1.0265824794769287,52.261070251464844,52.2879638671875,59.67961120605469,56.936092376708984,59.67961120605469,52.2879638671875,-0.018649287521839142,0.9984043836593628,2.195437809859868e-05,0.800000011920929,1.0,1.0
131,data/latent/train/1781975648229_heuristic_00011.npz,404,-1.5422568321228027,-1.4487230777740479,-0.1028171256184578,-0.06359660625457764,53.8881721496582,59.95543670654297,-1.0807256698608398,54.96889114379883,50.546695709228516,66.47852325439453,57.718841552734375,66.47852325439453,50.23812484741211,-0.999759316444397,0.9997608661651611,5.101561691844836e-05,1.0,1.0,1.0
132,data/latent/train/1781995669694_heuristic_00009.npz,80,16.601354598999023,15.571746826171875,1.1067569255828857,1.3283023834228516,77.1058349609375,71.55850219726562,11.534198760986328,65.57162475585938,84.24151611328125,67.86109161376953,75.92074584960938,85.54920959472656,67.86109161376953,0.3591473400592804,0.9996815323829651,9.318192724094843e-07,0.6666666865348816,1.0,1.0
133,data/latent/train/1781975731978_heuristic_00020.npz,587,-1.704455852508545,-1.5929322242736816,-0.11363039165735245,-0.1015695333480835,45.65923309326172,51.50077438354492,-1.160504698753357,46.81973648071289,38.26179885864258,57.24583053588867,48.820274353027344,57.48720932006836,38.17039108276367,0.21410568058490753,0.9969885349273682,9.876489457383286e-06,0.4000000059604645,1.0,1.0
134,data/latent/train/1781975694262_heuristic_00016.npz,921,-1.7485307455062866,-1.6320319175720215,-0.11656871438026428,-0.11296069622039795,32.33831787109375,33.59410095214844,-1.181793451309204,33.52011489868164,39.34162902832031,36.575645446777344,37.49176788330078,40.81233215332031,35.001373291015625,0.09080769866704941,0.9998123049736023,1.253684331459226e-06,0.6666666865348816,1.0,1.0
135,data/latent/train/1781975574208_heuristic_00003.npz,843,1.0580804347991943,0.866654634475708,0.07053869217634201,0.7434756755828857,69.71598815917969,74.55512237548828,0.22968319058418274,69.48628997802734,52.928470611572266,78.95049285888672,75.02179718017578,78.95049285888672,52.928470611572266,0.21066832542419434,0.9996374845504761,8.513529792253394e-06,0.9333333373069763,1.0,1.0
136,data/latent/train/1781995982334_heuristic_00043.npz,511,-1.438005805015564,-1.349363088607788,-0.09586705267429352,-0.06166291609406471,48.27641677856445,53.38064956665039,-1.0046571493148804,49.281070709228516,45.173866271972656,59.034854888916016,52.01771545410156,59.034854888916016,44.624088287353516,-0.11201014369726181,0.9999911785125732,3.973643192267673e-09,0.6000000238418579,1.0,1.0
137,data/latent/train/1781996010272_heuristic_00046.npz,413,13.972615242004395,12.875131607055664,0.9315077066421509,1.21083402633667,85.2306900024414,86.18327331542969,8.658048629760742,76.57263946533203,84.55237579345703,83.59600067138672,86.70292663574219,91.67446899414062,81.01581573486328,-0.0026359637267887592,0.9999935030937195,0.0,0.7333333492279053,1.0,1.0
138,data/latent/train/1781975583574_heuristic_00004.npz,870,-1.1477484703063965,-1.092386245727539,-0.07651656121015549,-0.002209428697824478,48.087242126464844,52.26530838012695,-0.8657525777816772,48.95299530029297,51.52149200439453,57.11946487426758,52.84096908569336,57.11946487426758,49.5908088684082,-0.5096254348754883,0.9999876618385315,0.0,0.9333333373069763,1.0,1.0
139,data/latent/train/1781995855626_heuristic_00029.npz,347,-1.5696593523025513,-1.4707248210906982,-0.10464395582675934,-0.07307589054107666,52.148929595947266,56.98927307128906,-1.0850638151168823,53.23398971557617,52.80503463745117,62.744422912597656,56.920928955078125,62.744422912597656,51.96294021606445,-0.5144360065460205,0.9997540712356567,9.139378676081833e-08,0.800000011920929,1.0,1.0
140,data/latent/train/1781975804219_heuristic_00028.npz,820,-1.7394113540649414,-1.6234290599822998,-0.1159607544541359,-0.10850310325622559,34.583702087402344,37.6309928894043,-1.1758859157562256,35.75958251953125,37.23944854736328,41.21874237060547,39.050697326660156,44.57958984375,35.30415725708008,-0.2798268496990204,0.9996339082717896,5.781650429526053e-07,0.8666666746139526,1.0,1.0
141,data/latent/train/1781995660611_heuristic_00008.npz,699,-1.769519567489624,-1.6506768465042114,-0.11796797066926956,-0.11742842197418213,20.485727310180664,22.169477462768555,-1.1919364929199219,21.677658081054688,18.15967559814453,24.481399536132812,23.60700035095215,24.876937866210938,18.15967559814453,0.5650610327720642,0.999968409538269,3.973643192267673e-09,0.5333333611488342,1.0,1.0
142,data/latent/train/1781995605201_heuristic_00002.npz,108,3.237204074859619,2.903212547302246,0.21581360697746277,0.5191220045089722,66.26504516601562,69.62564086914062,1.6761292219161987,64.58889770507812,67.56946563720703,72.25446319580078,71.4839859008789,73.09850311279297,67.56946563720703,-0.5362164378166199,0.9932261109352112,0.00041165153379552066,0.9333333373069763,1.0,1.0
143,data/latent/train/1781995845712_heuristic_00028.npz,252,-0.6199206113815308,-0.6155775785446167,-0.04132803902029991,0.07605171203613281,57.717018127441406,63.08344268798828,-0.5771446824073792,58.29417419433594,52.1080436706543,68.3932113647461,62.44987487792969,68.3932113647461,52.1080436706543,-0.5947887301445007,0.990653395652771,8.15153107396327e-05,0.8666666746139526,0.9333333373069763,1.0
144,data/latent/train/1781995772209_heuristic_00020.npz,979,-1.7846651077270508,-1.6654077768325806,-0.11897767335176468,-0.11823761463165283,16.26222038269043,17.81368637084961,-1.2047044038772583,17.4669246673584,19.187803268432617,19.89873504638672,19.20838165283203,20.352447509765625,16.641403198242188,0.5962685942649841,0.9999634623527527,2.1855036891338386e-08,0.5333333611488342,1.0,1.0
145,data/latent/train/1781995614740_heuristic_00003.npz,47,13.807877540588379,12.850016593933105,0.9205251932144165,1.0025293827056885,99.02984619140625,100.32457733154297,9.161250114440918,89.86859893798828,94.17610931396484,100.7946548461914,99.41126251220703,101.63968658447266,92.67772674560547,-0.08804547041654587,0.9998741745948792,7.947286384535346e-09,0.800000011920929,1.0,1.0
146,data/latent/train/1781995697152_heuristic_00012.npz,312,-1.578108549118042,-1.4757291078567505,-0.10520723462104797,-0.0731055736541748,47.932621002197266,51.40433883666992,-1.0790464878082275,49.01167297363281,53.2572135925293,55.66422653198242,54.06708526611328,57.25129318237305,50.84375,-0.26227185130119324,0.9999229907989502,2.3841858265427618e-08,0.7333333492279053,1.0,1.0
147,data/latent/train/1781975767951_heuristic_00024.npz,25,4.608826160430908,4.280566692352295,0.3072550892829895,0.40226125717163086,71.83141326904297,76.06884002685547,3.0369393825531006,68.79446411132812,65.06561279296875,80.34040069580078,73.86447143554688,80.34040069580078,65.06561279296875,0.20922285318374634,0.9999932646751404,7.947286384535346e-09,0.2666666805744171,1.0,1.0
148,data/latent/train/1781995762779_heuristic_00019.npz,993,2.028801679611206,1.8453755378723145,0.135253444314003,0.22123336791992188,59.7465705871582,64.23048400878906,1.1518255472183228,58.59474182128906,55.901058197021484,68.82549285888672,62.53192901611328,68.82549285888672,55.901058197021484,0.9999807476997375,0.9999921321868896,0.0,1.0,1.0,1.0
149,data/latent/train/1781975583574_heuristic_00004.npz,967,-1.558356523513794,-1.4490997791290283,-0.10389043390750885,-0.08719074726104736,30.520038604736328,32.80870056152344,-1.0286020040512085,31.54863929748535,27.2781925201416,35.54245376586914,34.68031692504883,37.235923767089844,27.2781925201416,0.5049825310707092,0.9998928904533386,7.967154260768439e-07,0.13333334028720856,1.0,1.0
150,data/latent/train/1781975750371_heuristic_00022.npz,538,-1.4506950378417969,-1.3557928800582886,-0.09671299904584885,-0.052015308290719986,51.319122314453125,56.10954666137695,-0.9902248978614807,52.309349060058594,52.44091033935547,61.929161071777344,55.73931884765625,61.929161071777344,51.02519607543945,0.006006733514368534,0.9995935559272766,1.7364819768772577e-06,0.7333333492279053,1.0,1.0
151,data/latent/train/1781975657159_heuristic_00012.npz,990,7.370081901550293,6.875492572784424,0.4913387894630432,0.5440982580184937,64.42155456542969,65.740478515625,4.9586896896362305,59.462867736816406,63.54153823852539,67.05573272705078,65.62015533447266,67.1825180053711,63.30349349975586,0.9999998807907104,0.9999557733535767,5.9604645663569045e-09,1.0,1.0,1.0
152,data/latent/train/1781995651476_heuristic_00007.npz,294,10.767930030822754,9.950267791748047,0.7178620100021362,0.8786752223968506,74.9255599975586,76.14256286621094,6.825018405914307,68.10055541992188,78.07616424560547,75.9307632446289,75.89482116699219,78.07616424560547,74.30359649658203,0.04690518230199814,0.9999971985816956,0.0,0.3333333432674408,1.0,1.0
153,data/latent/train/1781995865173_heuristic_00030.npz,60,15.75678539276123,14.64748477935791,1.0504523515701294,1.1394617557525635,102.751220703125,102.72364807128906,10.374031066894531,92.37718963623047,101.6089096069336,101.4802474975586,103.72360229492188,106.55870819091797,99.60393524169922,-0.42579740285873413,0.9998999238014221,4.5696893380409165e-08,0.9333333373069763,1.0,1.0
154,data/latent/train/1781995845712_heuristic_00028.npz,581,-1.2917338609695435,-1.2110685110092163,-0.08611559122800827,-0.05318141356110573,56.10942459106445,60.22971725463867,-0.893818199634552,57.003238677978516,60.01297378540039,65.44434356689453,62.16905212402344,65.44434356689453,59.05002975463867,0.12196401506662369,0.9999839663505554,1.9868215961338365e-09,0.2666666805744171,1.0,1.0
155,data/latent/train/1781995688182_heuristic_00011.npz,245,-1.5085972547531128,-1.4147261381149292,-0.10057315230369568,-0.06372618675231934,54.663856506347656,60.12782669067383,-1.0478103160858154,55.71166229248047,53.56343460083008,66.23844909667969,59.265357971191406,66.23844909667969,52.47735595703125,-0.41562506556510925,0.9999587535858154,1.7881394143159923e-08,0.5333333611488342,1.0,1.0
156,data/latent/train/1781975684660_heuristic_00015.npz,377,2.631439447402954,2.3980472087860107,0.1754292994737625,0.27540624141693115,57.803226470947266,60.99327087402344,1.5195802450180054,56.283634185791016,57.28853225708008,63.88303756713867,61.771175384521484,63.89091873168945,57.28853225708008,0.9965403079986572,0.9999882578849792,0.0,1.0,1.0,1.0
157,data/latent/train/1781975574208_heuristic_00003.npz,385,-1.5924040079116821,-1.4894733428955078,-0.10616026818752289,-0.08448910713195801,48.05937194824219,53.34514617919922,-1.0915932655334473,49.15095901489258,44.742671966552734,58.78693771362305,52.182369232177734,58.78693771362305,43.81709671020508,0.01257779635488987,0.9993105530738831,7.450580596923828e-07,0.7333333492279053,1.0,1.0
158,data/latent/train/1781995827249_heuristic_00026.npz,926,-1.617053747177124,-1.5121188163757324,-0.1078035831451416,-0.09963738918304443,44.96426010131836,49.177608489990234,-1.1058170795440674,46.070091247558594,41.19169998168945,54.74104690551758,48.42424774169922,54.74104690551758,41.19169998168945,0.07425956428050995,0.9964125156402588,3.68734217772726e-05,0.9333333373069763,1.0,1.0
159,data/latent/train/1781975666230_heuristic_00013.npz,765,-1.4426579475402832,-1.3416919708251953,-0.09617719799280167,-0.07657933235168457,46.620845794677734,50.52717208862305,-0.9533632397651672,47.57421112060547,44.22726821899414,55.13275146484375,51.4166259765625,56.99567794799805,44.22726821899414,0.02647053450345993,0.9999879002571106,0.0,0.7333333492279053,1.0,1.0
160,data/latent/train/1781995855626_heuristic_00029.npz,15,-0.49808764457702637,-0.483985960483551,-0.03320584446191788,0.14047455787658691,60.89461135864258,65.8514633178711,-0.4115052819252014,61.306114196777344,67.10621643066406,71.9877700805664,65.85755920410156,71.9877700805664,62.895450592041016,0.20126239955425262,0.9996260404586792,2.781550101360608e-08,0.5333333611488342,1.0,1.0
161,data/latent/train/1781995827249_heuristic_00026.npz,883,-1.5803085565567017,-1.4730337858200073,-0.10535390675067902,-0.0984048843383789,32.318294525146484,35.779518127441406,-1.0591623783111572,33.3774528503418,28.81736946105957,39.49065399169922,35.598968505859375,39.49065399169922,25.294891357421875,0.5558707118034363,0.994631826877594,7.708867428846133e-07,0.5333333611488342,0.9333333373069763,1.0
162,data/latent/train/1781995892840_heuristic_00033.npz,896,-1.5682991743087769,-1.4615201950073242,-0.10455327481031418,-0.0971829891204834,32.307498931884766,37.78044128417969,-1.0512241125106812,33.35871505737305,26.41832733154297,42.95993423461914,33.556121826171875,42.95993423461914,23.217666625976562,0.04494910314679146,0.9993032813072205,2.2490819446829846e-06,0.6666666865348816,1.0,1.0
163,data/latent/train/1781975740977_heuristic_00021.npz,190,-1.6776604652404785,-1.5691893100738525,-0.1118440330028534,-0.08807098865509033,38.203773498535156,41.985107421875,-1.1469650268554688,39.350738525390625,33.336490631103516,46.9058723449707,41.180809020996094,46.9058723449707,33.336490631103516,0.024616437032818794,0.999984085559845,9.934107758624577e-09,0.800000011920929,1.0,1.0
164,data/latent/train/1781995605201_heuristic_00002.npz,390,-1.5517948865890503,-1.44337797164917,-0.10345299541950226,-0.09065651893615723,42.92860794067383,46.85807800292969,-1.0271750688552856,43.955787658691406,35.2180290222168,50.64888000488281,47.79673767089844,56.53201675415039,34.45168685913086,-0.13368701934814453,0.9979757070541382,1.148382807514281e-06,0.8666666746139526,1.0,1.0
165,data/latent/train/1781975740977_heuristic_00021.npz,550,-1.5146536827087402,-1.4132887125015259,-0.10097691416740417,-0.09338903427124023,28.963796615600586,32.63089370727539,-1.0210649967193604,29.984859466552734,26.38715362548828,36.57870101928711,31.29049301147461,36.57870101928711,25.9652099609375,-0.7233646512031555,0.9993810653686523,2.6339292162447236e-05,0.9333333373069763,1.0,1.0
166,data/latent/train/1781995772209_heuristic_00020.npz,187,-0.9894044399261475,-0.9309913516044617,-0.06596029549837112,-0.02580607309937477,50.4275016784668,57.37915802001953,-0.6970528364181519,51.12455749511719,37.22254943847656,63.81591796875,52.337120056152344,63.81591796875,37.22254943847656,-0.8578994870185852,0.9995720982551575,4.394848929223372e-06,0.9333333373069763,1.0,1.0
167,data/latent/train/1781995963949_heuristic_00041.npz,118,0.161102756857872,0.12188182771205902,0.010740184225142002,0.15690922737121582,56.00678634643555,57.26161193847656,-0.014522412791848183,56.02130126953125,70.22280883789062,60.23038864135742,63.69775390625,70.22280883789062,60.23038864135742,-0.42303648591041565,0.999045193195343,1.5238921378113446e-06,0.8666666746139526,1.0,1.0
168,data/latent/train/1781995753128_heuristic_00018.npz,636,0.7724523544311523,0.7065286040306091,0.05149682238698006,0.18680500984191895,60.989662170410156,61.79431915283203,0.4776223599910736,60.51203536987305,77.1077651977539,64.42247772216797,69.4030990600586,77.1077651977539,64.42247772216797,-0.22745336592197418,0.9960659146308899,2.407829015282914e-05,0.6000000238418579,1.0,1.0
169,data/latent/train/1781996000904_heuristic_00045.npz,127,32.07965087890625,29.745702743530273,2.138643503189087,2.428497076034546,101.77816772460938,100.43307495117188,20.77558135986328,81.00260162353516,77.01883697509766,92.52472686767578,88.4749526977539,93.3389663696289,77.01883697509766,-0.823235273361206,0.9994290471076965,8.237361726060044e-06,0.9333333373069763,1.0,1.0
170,data/latent/train/1781995855626_heuristic_00029.npz,959,3.027515172958374,2.620687484741211,0.20183435082435608,1.089331865310669,72.42005920410156,79.02446746826172,1.2051035165786743,71.21495056152344,68.54644012451172,83.57018280029297,76.27296447753906,83.57018280029297,68.54644012451172,0.3277854323387146,0.997677743434906,2.6377041649539024e-05,0.9333333373069763,1.0,1.0
171,data/latent/train/1781995753128_heuristic_00018.npz,1,0.6411714553833008,0.5308219790458679,0.04274476319551468,0.47105681896209717,54.533973693847656,59.80507278442383,0.17010991275310516,54.363853454589844,47.260643005371094,63.7194938659668,58.63038635253906,65.34851837158203,47.260643005371094,-0.06883912533521652,0.9455175399780273,0.00014267365622799844,0.7333333492279053,0.800000011920929,1.0
172,data/latent/train/1781975657159_heuristic_00012.npz,681,-1.4766449928283691,-1.3891212940216064,-0.09844300150871277,-0.042862776666879654,40.64482879638672,43.70889663696289,-1.042773962020874,41.68760681152344,47.484806060791016,47.528926849365234,45.912681579589844,47.90224075317383,43.04958724975586,-0.9117695093154907,0.9999400973320007,1.2914340175029793e-07,0.8666666746139526,1.0,1.0
173,data/latent/train/1781995725381_heuristic_00015.npz,742,-1.7834739685058594,-1.6640907526016235,-0.11889826506376266,-0.11796319484710693,13.813364028930664,15.386576652526855,-1.2028863430023193,15.016247749328613,20.21480941772461,17.715007781982422,16.22112274169922,20.21480941772461,14.296314239501953,0.27014032006263733,0.9999011158943176,2.3841858265427618e-08,0.7333333492279053,1.0,1.0
174,data/latent/train/1781975684660_heuristic_00015.npz,657,-0.617313027381897,-0.6110368371009827,-0.041154202073812485,0.03570639714598656,47.13859176635742,52.98982620239258,-0.5676429271697998,47.706241607666016,49.75706100463867,58.91238021850586,49.62180709838867,58.91238021850586,44.02881622314453,-0.21234725415706635,0.9997591376304626,4.072984154390724e-07,0.9333333373069763,1.0,1.0
175,data/latent/train/1781995963949_heuristic_00041.npz,983,0.18631170690059662,0.15675866603851318,0.012420780025422573,0.17959856986999512,63.98036193847656,68.93323516845703,0.039513394236564636,63.940879821777344,66.10320281982422,74.4794692993164,69.10900115966797,75.0844497680664,64.8693618774414,-0.17515890300273895,0.9999579191207886,1.4702479234074417e-07,0.800000011920929,1.0,1.0
176,data/latent/train/1781975583574_heuristic_00004.npz,85,23.408798217773438,21.85342025756836,1.5605865716934204,1.9867489337921143,79.45620727539062,74.64390563964844,15.87671947479248,63.57949447631836,81.70626068115234,69.08390808105469,71.98297119140625,81.70626068115234,68.21785736083984,-0.9887897372245789,0.9997082948684692,2.8908252716064453e-06,1.0,1.0,1.0
177,data/latent/train/1781995586132_heuristic_00000.npz,653,0.6484870910644531,0.5937536954879761,0.043232474476099014,0.1898026466369629,51.8789176940918,56.264888763427734,0.4059999883174896,51.47290802001953,58.43370819091797,61.799861907958984,54.456722259521484,61.799861907958984,50.31621170043945,0.03619973734021187,0.9999935626983643,0.0,0.4000000059604645,1.0,1.0
178,data/latent/train/1781995991387_heuristic_00044.npz,714,-1.744011402130127,-1.6286780834197998,-0.11626742780208588,-0.10988330841064453,41.408103942871094,46.13132095336914,-1.1821545362472534,42.59025955200195,36.885711669921875,50.888240814208984,45.234825134277344,50.888240814208984,36.885711669921875,0.18925441801548004,0.9992755651473999,1.9522507500369102e-05,0.7333333492279053,1.0,1.0
179,data/latent/train/1781975574208_heuristic_00003.npz,629,-0.9156866073608398,-0.8895718455314636,-0.061045773327350616,0.04702376946806908,58.97761917114258,66.35816192626953,-0.7658106088638306,59.74342727661133,51.48430252075195,72.95404815673828,62.55554962158203,72.95404815673828,50.2657585144043,-0.9999998807907104,0.999862015247345,8.183717909560073e-06,1.0,1.0,1.0
180,data/latent/train/1781995836527_heuristic_00027.npz,297,-1.254365086555481,-1.159937858581543,-0.08362434059381485,-0.04275179281830788,37.82489776611328,40.520687103271484,-0.7979856729507446,38.622894287109375,40.28815841674805,44.34950637817383,42.016361236572266,44.34950637817383,40.28815841674805,0.9999614953994751,0.9998210668563843,4.7683716530855236e-08,1.0,1.0,1.0
181,data/latent/train/1781995845712_heuristic_00028.npz,701,-1.3560341596603394,-1.2488733530044556,-0.0904022753238678,-0.006043437868356705,38.27182388305664,41.835628509521484,-0.8390029072761536,39.110816955566406,34.6297492980957,46.071537017822266,41.75868606567383,46.071537017822266,34.6297492980957,0.6557113528251648,0.9999112486839294,1.8080075392390427e-07,0.3333333432674408,1.0,1.0
182,data/latent/train/1781995799509_heuristic_00023.npz,646,0.6951444149017334,0.6076763272285461,0.046342961490154266,0.22938203811645508,60.3665771484375,64.03169250488281,0.28091010451316833,60.08566665649414,63.06610107421875,68.10138702392578,66.03578186035156,68.10138702392578,62.11945343017578,-0.22384615242481232,0.9999896287918091,0.0,0.6000000238418579,1.0,1.0
183,data/latent/train/1781995725381_heuristic_00015.npz,282,1.9471068382263184,1.8863458633422852,0.12980712950229645,0.5340917110443115,53.0841178894043,55.68313217163086,1.6391890048980713,51.44491958618164,60.96931838989258,60.7536506652832,54.993526458740234,60.96931838989258,51.369110107421875,0.9999991655349731,0.9962332844734192,7.3790552050923e-06,1.0,1.0,1.0
184,data/latent/train/1781975703598_heuristic_00017.npz,158,-1.7839699983596802,-1.6640998125076294,-0.11893133074045181,-0.11732673645019531,18.269046783447266,19.42125701904297,-1.2012046575546265,19.470245361328125,17.45669174194336,20.82880210876465,22.189517974853516,25.989479064941406,15.575864791870117,0.999975323677063,0.9961984753608704,1.432498265785398e-06,1.0,0.9333333373069763,1.0
185,data/latent/train/1781975611090_heuristic_00007.npz,856,-1.4955967664718628,-1.4023603200912476,-0.09970644861459732,-0.07288849353790283,47.05243682861328,50.60435104370117,-1.0400882959365845,48.09252166748047,49.560970306396484,55.24098587036133,52.287776947021484,55.24098587036133,48.533111572265625,-0.062021806836128235,0.9984752535820007,0.0001396199077134952,0.6666666865348816,1.0,1.0
186,data/latent/train/1781995902344_heuristic_00034.npz,686,-1.519390344619751,-1.4152153730392456,-0.1012926921248436,-0.08655369281768799,25.915937423706055,27.49603271484375,-1.0133936405181885,26.929330825805664,34.326385498046875,30.64305877685547,29.43548011779785,34.326385498046875,26.728286743164062,0.1657874435186386,0.9996366500854492,3.3775965135873776e-08,0.5333333611488342,1.0,1.0
187,data/latent/train/1781975795046_heuristic_00027.npz,776,11.068582534790039,10.089286804199219,0.7379055023193359,1.2248835563659668,65.61536407470703,66.29082489013672,6.40879487991333,59.20656967163086,79.30587005615234,63.826229095458984,67.8084716796875,79.30587005615234,63.826229095458984,-0.32159659266471863,0.9998148679733276,2.276897475894657e-06,0.9333333373069763,1.0,1.0
188,data/latent/train/1781975620542_heuristic_00008.npz,669,11.300921440124512,10.527711868286133,0.7533947825431824,0.8181722164154053,83.16136169433594,83.65812683105469,7.553207874298096,75.60814666748047,87.29647064208984,84.29080963134766,84.11979675292969,87.29647064208984,82.81700897216797,0.34446439146995544,0.9999863505363464,2.1855036891338386e-08,0.4000000059604645,1.0,1.0
189,data/latent/train/1781975713363_heuristic_00018.npz,536,-1.7844542264938354,-1.665057897567749,-0.11896361410617828,-0.11838960647583008,7.632448196411133,8.715142250061035,-1.203909158706665,8.836358070373535,8.014603614807129,9.513937950134277,10.34078598022461,13.702860832214355,6.73543119430542,0.9999125599861145,0.9997669458389282,2.1855036891338386e-08,1.0,1.0,1.0
190,data/latent/train/1781995808764_heuristic_00024.npz,631,-1.1662054061889648,-1.1067252159118652,-0.07774702459573746,0.021860595792531967,53.59013748168945,58.38414764404297,-0.8628987073898315,54.45303726196289,63.35807800292969,64.20134735107422,58.624290466308594,64.20134735107422,54.7811393737793,1.0,0.999979555606842,0.0,1.0,1.0,1.0
191,data/latent/train/1781995678845_heuristic_00010.npz,734,0.5504742860794067,0.5140951871871948,0.03669828549027443,0.2172321081161499,64.47514343261719,68.67024993896484,0.363544225692749,64.11161041259766,64.51593780517578,73.7509765625,69.70625305175781,73.7509765625,64.51593780517578,0.30769985914230347,0.9999688267707825,9.934107758624577e-09,0.2666666805744171,1.0,1.0
192,data/latent/train/1781995918104_heuristic_00036.npz,465,-1.5901751518249512,-1.4915043115615845,-0.10601167380809784,-0.07977569103240967,45.337364196777344,50.24523162841797,-1.1052947044372559,46.44266128540039,44.77695083618164,56.085121154785156,48.664451599121094,56.085121154785156,44.0808219909668,-1.0,0.999862551689148,9.256601515517104e-06,1.0,1.0,1.0
193,data/latent/train/1781975574208_heuristic_00003.npz,606,-1.4269295930862427,-1.3453700542449951,-0.09512864053249359,-0.05021262541413307,45.62140655517578,49.807315826416016,-1.0218992233276367,46.643314361572266,45.68160629272461,54.43790817260742,50.314762115478516,54.43790817260742,44.53213119506836,-0.3333643078804016,0.9998337626457214,3.993511086264334e-07,0.9333333373069763,1.0,1.0
194,data/latent/train/1781995651476_heuristic_00007.npz,10,5.956223487854004,5.762036323547363,0.39708155393600464,1.1610777378082275,53.83268356323242,52.14591979980469,4.931386947631836,48.90128707885742,58.14754104614258,53.93880844116211,54.75062561035156,59.15713119506836,52.91484069824219,0.3921867609024048,0.9994884133338928,4.575252387439832e-05,0.800000011920929,1.0,1.0
195,data/latent/train/1781995743605_heuristic_00017.npz,95,6.214526176452637,5.92807149887085,0.4143017530441284,0.6803741455078125,52.22624969482422,49.63503646850586,4.7476348876953125,47.47861862182617,59.346435546875,49.64667892456055,54.85920333862305,59.346435546875,49.64667892456055,-0.18518058955669403,0.9981605410575867,1.697540210443549e-05,0.6666666865348816,1.0,1.0
196,data/latent/train/1781995715968_heuristic_00014.npz,964,4.453691482543945,4.029033660888672,0.2969127595424652,0.5711050033569336,73.71324157714844,79.23759460449219,2.437511444091797,71.27572631835938,76.78243255615234,83.67203521728516,76.64186096191406,83.67203521728516,71.45198822021484,-0.5336504578590393,0.9999160766601562,7.470449077118246e-07,0.800000011920929,1.0,1.0
197,data/latent/train/1781995836527_heuristic_00027.npz,651,0.7356398105621338,0.5692949295043945,0.049042653292417526,0.5792132616043091,58.10751724243164,62.90509033203125,0.015643000602722168,58.09186935424805,53.9861946105957,66.72825622558594,63.09551239013672,66.78692626953125,53.9861946105957,0.5656006336212158,0.9980608224868774,5.185603981772147e-07,0.3333333432674408,1.0,1.0
198,data/latent/train/1781975601594_heuristic_00006.npz,268,1.2880418300628662,1.122480869293213,0.0858694538474083,0.3133218288421631,50.34053039550781,52.54330062866211,0.5272599458694458,49.81327438354492,57.2631721496582,54.7549934387207,55.92118835449219,57.62495803833008,54.7549934387207,0.02699235826730728,0.9999975562095642,0.0,0.13333334028720856,1.0,1.0
199,data/latent/train/1781995892840_heuristic_00033.npz,638,7.971252918243408,7.27874231338501,0.5314168334007263,0.8003089427947998,82.42112731933594,85.1517105102539,4.650121212005615,77.77103424072266,84.98865509033203,85.8308334350586,87.1550521850586,90.8526382446289,83.35982513427734,0.3488909900188446,0.9998047947883606,6.159146437312302e-08,0.6000000238418579,1.0,1.0
200,data/latent/train/1781975684660_heuristic_00015.npz,127,-1.2732757329940796,-1.1998575925827026,-0.08488504588603973,-0.03999197855591774,58.103057861328125,63.194969177246094,-0.9127343893051147,59.015785217285156,56.381839752197266,69.0006332397461,63.404685974121094,69.0006332397461,56.381839752197266,-0.18176279962062836,0.9998994469642639,2.9007594548602356e-07,0.46666666865348816,1.0,1.0
201,data/latent/train/1781995595407_heuristic_00001.npz,279,-1.4149113893508911,-1.3195537328720093,-0.0943274274468422,-0.0692596435546875,37.59333038330078,40.499637603759766,-0.9484941363334656,38.541831970214844,31.610197067260742,44.08119583129883,41.69660949707031,45.74399185180664,31.610197067260742,0.38673585653305054,0.999985933303833,9.934107758624577e-09,0.800000011920929,1.0,1.0
202,data/latent/train/1781995669694_heuristic_00009.npz,763,3.8911819458007812,3.5444040298461914,0.25941213965415955,0.44136738777160645,60.5519905090332,64.16726684570312,2.2270002365112305,58.32498550415039,75.23591613769531,67.54276275634766,63.79728698730469,75.23591613769531,60.525047302246094,-0.6663268804550171,0.9932487607002258,6.311933248071e-05,0.8666666746139526,1.0,1.0
203,data/latent/train/1781975611090_heuristic_00007.npz,229,-1.5821260213851929,-1.4796768426895142,-0.10547506809234619,-0.09394490718841553,42.18953323364258,45.92268753051758,-1.0819931030273438,43.27153396606445,44.191036224365234,50.646183013916016,46.467315673828125,50.646183013916016,43.72262191772461,0.2319536805152893,0.9998809099197388,7.2220959737023804e-06,0.4000000059604645,1.0,1.0
204,data/latent/train/1781995624027_heuristic_00004.npz,557,-1.3308171033859253,-1.254548192024231,-0.0887211412191391,-0.04507899656891823,54.68321228027344,60.50491714477539,-0.954428493976593,55.63763427734375,50.60642623901367,66.53166961669922,58.95578384399414,66.53166961669922,50.3648796081543,-0.14313308894634247,0.9998767375946045,7.152557657263969e-08,0.7333333492279053,1.0,1.0
205,data/latent/train/1781995669694_heuristic_00009.npz,98,13.603537559509277,12.614482879638672,0.9069024920463562,1.1244816780090332,92.93568420410156,94.89811706542969,8.833382606506348,84.10230255126953,81.82605743408203,95.09331512451172,92.31587219238281,95.15482330322266,81.82605743408203,-0.24819110333919525,0.9994109869003296,1.7867485439637676e-05,0.9333333373069763,1.0,1.0
206,data/latent/train/1781996019435_heuristic_00047.npz,348,3.7330660820007324,3.5456771850585938,0.2488710731267929,0.41743600368499756,56.461509704589844,57.089866638183594,2.792725086212158,53.66878128051758,59.54074478149414,59.449554443359375,59.79374313354492,60.74068832397461,59.449554443359375,-0.9631012082099915,0.9808850884437561,0.0001291314692934975,0.9333333373069763,0.8666666746139526,1.0
207,data/latent/train/1781995790154_heuristic_00022.npz,62,16.007287979125977,14.992868423461914,1.067152500152588,1.2590231895446777,95.75416564941406,92.1061019897461,11.041781425476074,84.7123794555664,105.67132568359375,90.32413482666016,96.63520812988281,105.78719329833984,88.59456634521484,-0.08508575707674026,0.9999306797981262,5.563100202721216e-08,0.6000000238418579,1.0,1.0
208,data/latent/train/1781995642283_heuristic_00006.npz,680,-1.5376427173614502,-1.4322354793548584,-0.1025095134973526,-0.09399473667144775,31.41269874572754,34.54889678955078,-1.025994062423706,32.43867492675781,30.541065216064453,38.5135383605957,34.35096740722656,38.5135383605957,30.541065216064453,0.19865067303180695,0.9999645948410034,3.973643192267673e-09,0.0,1.0,1.0
209,data/latent/train/1781975556701_heuristic_00001.npz,550,7.596408843994141,6.94868803024292,0.5064272284507751,0.7343963384628296,78.03148651123047,82.08820343017578,4.490983963012695,73.54051971435547,79.39774322509766,83.89503479003906,80.91267395019531,84.01042938232422,74.60436248779297,0.5358871221542358,0.9997920989990234,1.1324882365215672e-07,0.5333333611488342,1.0,1.0
210,data/latent/train/1781995715968_heuristic_00014.npz,102,13.967504501342773,12.969138145446777,0.93116694688797,1.0590381622314453,86.09650421142578,86.54430389404297,9.122537612915039,76.97398376464844,82.5737533569336,85.76131439208984,85.44943237304688,86.39221954345703,82.5737533569336,0.07244344055652618,0.9994902014732361,6.94016634952277e-05,0.9333333373069763,1.0,1.0
211,data/latent/train/1781975722846_heuristic_00019.npz,982,8.320714950561523,7.694425582885742,0.5547143220901489,0.6820476055145264,85.03479766845703,88.444580078125,5.297528266906738,79.73725128173828,81.82779693603516,90.63356018066406,87.62739562988281,91.4232406616211,81.82779693603516,0.9999856352806091,0.9999895691871643,0.0,1.0,1.0,1.0
212,data/latent/train/1781975547656_heuristic_00000.npz,314,-0.5729516744613647,-0.570963442325592,-0.038196779787540436,0.06044184789061546,57.29450607299805,62.501644134521484,-0.5431276559829712,57.8376350402832,57.4988899230957,68.0627212524414,61.96257400512695,68.0627212524414,56.99526596069336,-0.20207281410694122,0.9998936057090759,2.582867963951685e-08,0.20000000298023224,1.0,1.0
213,data/latent/train/1781995982334_heuristic_00043.npz,402,-1.6654716730117798,-1.5567525625228882,-0.1110314428806305,-0.10183286666870117,50.97612762451172,55.47366714477539,-1.1352546215057373,52.111385345458984,50.29903030395508,60.62728500366211,56.298744201660156,60.62728500366211,50.29903030395508,0.2346569448709488,0.9999483227729797,9.934107758624577e-09,0.0,1.0,1.0
214,data/latent/train/1781995734609_heuristic_00016.npz,828,13.36573314666748,12.458016395568848,0.8910488486289978,0.9409546852111816,94.04389190673828,94.21260833740234,8.95471477508545,85.08919525146484,92.61115264892578,94.4761734008789,94.56658172607422,97.2154312133789,92.61115264892578,0.050098977982997894,0.9999992847442627,0.0,0.2666666805744171,1.0,1.0
215,data/latent/train/1781975657159_heuristic_00012.npz,554,-1.419988989830017,-1.329087257385254,-0.09466592967510223,-0.07135212421417236,54.22806167602539,58.17640686035156,-0.9745110273361206,55.20257568359375,57.44053649902344,63.346336364746094,60.1136474609375,63.346336364746094,57.44053649902344,0.26431068778038025,0.9999963641166687,0.0,0.20000000298023224,1.0,1.0
216,data/latent/train/1781995963949_heuristic_00041.npz,774,-1.5394781827926636,-1.4425764083862305,-0.10263188183307648,-0.0905606746673584,49.85076904296875,53.362178802490234,-1.065507411956787,50.91627883911133,46.56646728515625,58.033836364746094,55.27032470703125,58.05320358276367,46.56646728515625,-0.1632448136806488,0.9997214078903198,4.980166704626754e-05,0.9333333373069763,1.0,1.0
217,data/latent/train/1781995605201_heuristic_00002.npz,981,5.480703353881836,5.045564651489258,0.3653802275657654,0.5136469602584839,68.4373550415039,73.09678649902344,3.3944926261901855,65.04285430908203,62.82670211791992,76.68395233154297,69.5860824584961,76.68395233154297,62.82670211791992,0.9980295300483704,0.9999973773956299,0.0,1.0,1.0,1.0
218,data/latent/train/1781975629865_heuristic_00009.npz,560,-1.794295310974121,-1.6736260652542114,-0.1196196898818016,-0.11846232414245605,-11.366081237792969,-15.771419525146484,-1.207779049873352,-10.158302307128906,6.860254764556885,-17.446800231933594,-7.857570171356201,9.0918607711792,-17.446800231933594,0.9999805092811584,0.9998025894165039,3.1789145538141383e-08,1.0,1.0,1.0
219,data/latent/train/1781995762779_heuristic_00019.npz,185,13.998772621154785,12.91543197631836,0.9332515001296997,1.1811368465423584,97.08219146728516,97.21235656738281,8.753702163696289,88.32850646972656,98.10321044921875,94.94645690917969,100.54039764404297,105.5995101928711,94.94645690917969,0.11380843818187714,0.9999788999557495,1.9868215961338365e-09,0.3333333432674408,1.0,1.0
220,data/latent/train/1781975731978_heuristic_00020.npz,997,2.7147083282470703,2.427251100540161,0.18098054826259613,0.5953590869903564,71.94599914550781,75.706787109375,1.3832676410675049,70.562744140625,63.52870178222656,78.84463500976562,77.664306640625,81.28970336914062,63.52870178222656,-0.21216082572937012,0.9997987747192383,2.9166540116420947e-06,0.9333333373069763,1.0,1.0
221,data/latent/train/1781975638980_heuristic_00010.npz,611,16.648387908935547,15.50352954864502,1.10989248752594,1.268235445022583,95.29619598388672,94.6118392944336,11.107647895812988,84.18856811523438,94.99756622314453,93.33818817138672,93.85930633544922,95.53719329833984,93.0448226928711,0.2736612856388092,0.9999852776527405,1.9868215961338365e-09,0.06666667014360428,1.0,1.0
222,data/latent/train/1781996010272_heuristic_00046.npz,45,13.661218643188477,12.646927833557129,0.9107478857040405,1.1341373920440674,90.2102279663086,91.36988067626953,8.772112846374512,81.4381103515625,86.48407745361328,91.2353744506836,89.90306091308594,92.34953308105469,86.48407745361328,0.23247696459293365,0.9999974966049194,0.0,0.46666666865348816,1.0,1.0
223,data/latent/train/1781975574208_heuristic_00003.npz,501,-1.6763989925384521,-1.56709885597229,-0.11175993084907532,-0.10209441184997559,42.164798736572266,44.59619903564453,-1.1429861783981323,43.30778121948242,44.09945297241211,48.10505294799805,48.073997497558594,49.608802795410156,44.09945297241211,0.733047366142273,0.9993675351142883,6.329814641503617e-05,0.2666666805744171,1.0,1.0
224,data/latent/train/1781995595407_heuristic_00001.npz,473,10.963361740112305,10.197142601013184,0.7308908104896545,0.958552896976471,65.84314727783203,64.5798568725586,7.2283711433410645,58.61479187011719,68.72643280029297,62.99011993408203,66.61541748046875,69.36531066894531,62.99011993408203,-0.2546147406101227,0.9999486804008484,1.1920929132713809e-08,0.46666666865348816,1.0,1.0
225,data/latent/train/1781995660611_heuristic_00008.npz,535,-1.793616771697998,-1.6731311082839966,-0.11957444995641708,-0.11896336078643799,8.633050918579102,7.763059139251709,-1.2079613208770752,9.841010093688965,12.789318084716797,8.285614967346191,12.224724769592285,17.15489959716797,7.674811363220215,0.5184102654457092,0.999926745891571,1.9868215961338365e-09,0.46666666865348816,1.0,1.0
226,data/latent/train/1781975795046_heuristic_00027.npz,470,-1.7492632865905762,-1.6320576667785645,-0.11661755293607712,-0.11532771587371826,48.45240020751953,52.96293258666992,-1.1793057918548584,49.63170623779297,46.709285736083984,58.13594055175781,53.31241226196289,58.13594055175781,46.709285736083984,0.887076199054718,0.9978296160697937,8.042653462325688e-06,0.800000011920929,1.0,1.0
227,data/latent/train/1781995911953_heuristic_00035.npz,858,-0.7977702617645264,-0.7495667934417725,-0.05318468436598778,-0.045542482286691666,37.74704360961914,38.77947235107422,-0.5623246431350708,38.309364318847656,48.40870666503906,41.14662170410156,43.69617462158203,48.40870666503906,41.14662170410156,0.9544583559036255,0.9999485611915588,9.934107758624577e-09,0.800000011920929,1.0,1.0
228,data/latent/train/1781995633130_heuristic_00005.npz,265,-1.7540448904037476,-1.6376092433929443,-0.1169363260269165,-0.11027538776397705,39.42536163330078,43.00068283081055,-1.1869535446166992,40.6123161315918,39.83639144897461,47.033050537109375,44.127559661865234,47.24057388305664,39.83639144897461,0.9999752044677734,0.9993325471878052,3.735224538559123e-07,1.0,1.0,1.0
229,data/latent/train/1781996028648_heuristic_00048.npz,533,5.504526138305664,5.27330207824707,0.36696842312812805,0.7266974449157715,71.82263946533203,73.32316589355469,4.320733070373535,67.50191497802734,70.7008285522461,77.27739715576172,73.61851501464844,77.27739715576172,70.7008285522461,0.6345558762550354,0.999792754650116,1.978874252017704e-06,0.46666666865348816,1.0,1.0
230,data/latent/train/1781996037878_heuristic_00049.npz,814,-1.6445612907409668,-1.5311681032180786,-0.10963741689920425,-0.10257875919342041,36.31608200073242,40.03495407104492,-1.0948092937469482,37.4109001159668,35.98891830444336,44.12322235107422,40.169960021972656,44.12322235107422,35.42495346069336,-0.05284671112895012,0.9999875426292419,3.774960788405224e-08,0.4000000059604645,1.0,1.0
231,data/latent/train/1781975583574_heuristic_00004.npz,154,-1.7327250242233276,-1.6154975891113281,-0.11551500111818314,-0.11093413829803467,37.90446472167969,41.82613754272461,-1.1634114980697632,39.0678825378418,41.721736907958984,46.23757553100586,42.0334587097168,46.23757553100586,37.046905517578125,0.6162959337234497,0.9992183446884155,1.0132789611816406e-06,0.6000000238418579,1.0,1.0
232,data/latent/train/1781995973433_heuristic_00042.npz,162,4.127779006958008,3.978895902633667,0.2751852571964264,0.6229579448699951,54.835174560546875,57.161312103271484,3.329045057296753,51.506126403808594,54.11573028564453,61.64449691772461,54.49906539916992,61.64449691772461,50.01713943481445,0.21611453592777252,0.9998321533203125,1.7384687680532807e-06,0.3333333432674408,1.0,1.0
233,data/latent/train/1781975750371_heuristic_00022.npz,108,2.9970502853393555,2.852881908416748,0.19980335235595703,0.3842921257019043,65.86165618896484,68.2425308227539,2.2708587646484375,63.5908088684082,69.9072036743164,72.42951965332031,69.68782043457031,72.42951965332031,68.1531982421875,0.6353184580802917,0.9998934864997864,2.364317595038301e-07,0.4000000059604645,1.0,1.0
234,data/latent/train/1781995743605_heuristic_00017.npz,131,0.7017563581466675,0.5817724466323853,0.04678375646471977,0.3363351821899414,63.77605438232422,67.63350677490234,0.16554485261440277,63.61052322387695,67.09619903564453,71.58126068115234,70.25456237792969,73.40938568115234,67.09619903564453,0.38049212098121643,0.9998661279678345,1.1920928955078125e-07,0.6000000238418579,1.0,1.0
235,data/latent/train/1781975675666_heuristic_00014.npz,392,0.01849663257598877,-0.03756120800971985,0.0012331088073551655,0.2558962106704712,68.49271392822266,74.48963928222656,-0.22030897438526154,68.71302795410156,68.66045379638672,80.7256851196289,73.68321990966797,80.8359146118164,67.6721420288086,-0.2883729636669159,0.9999657869338989,1.1126200405442432e-07,0.3333333432674408,1.0,1.0
236,data/latent/train/1781975785803_heuristic_00026.npz,546,-1.5643848180770874,-1.4567862749099731,-0.10429231822490692,-0.08462190628051758,39.157230377197266,42.65396499633789,-1.043823480606079,40.20105743408203,47.43039321899414,47.04924011230469,43.634368896484375,47.43039321899414,38.691654205322266,-0.1559739112854004,0.9990723729133606,1.3589858554041712e-06,0.7333333492279053,1.0,1.0
237,data/latent/train/1781995772209_heuristic_00020.npz,782,-1.781587839126587,-1.6625150442123413,-0.11877252161502838,-0.1176304817199707,7.953843116760254,9.335288047790527,-1.2024585008621216,9.156302452087402,8.935504913330078,11.537861824035645,9.071807861328125,11.537861824035645,7.321769714355469,0.9999983906745911,0.9999886155128479,1.9868215961338365e-09,1.0,1.0,1.0
238,data/latent/train/1781975694262_heuristic_00016.npz,751,-1.5512996912002563,-1.4472565650939941,-0.10341998189687729,-0.08957719802856445,35.397579193115234,40.15276336669922,-1.0480906963348389,36.4456787109375,35.015499114990234,45.17954635620117,37.77900314331055,46.01821517944336,32.90141677856445,0.3586452901363373,0.9997965693473816,1.607338617759524e-06,0.7333333492279053,1.0,1.0
239,data/latent/train/1781995911953_heuristic_00035.npz,853,2.8374009132385254,2.5492048263549805,0.1891600638628006,0.48328447341918945,72.875732421875,79.6697769165039,1.495078682899475,71.38064575195312,70.21981048583984,85.25603485107422,75.88392639160156,85.25603485107422,67.91851806640625,0.9995647668838501,0.9998417496681213,4.15245693830002e-07,1.0,1.0,1.0
240,data/latent/train/1781995963949_heuristic_00041.npz,355,-0.8602173328399658,-0.815837562084198,-0.057347822934389114,0.07820487022399902,59.37643051147461,63.985450744628906,-0.6409198045730591,60.01734161376953,59.280433654785156,69.5104751586914,64.8617935180664,69.5104751586914,59.280433654785156,-0.08332767337560654,0.9999398589134216,3.973643192267673e-09,0.800000011920929,1.0,1.0
241,data/latent/train/1781996028648_heuristic_00048.npz,294,-1.468461036682129,-1.3732390403747559,-0.09789740294218063,-0.09122240543365479,41.61338806152344,45.45341873168945,-1.0041024684906006,42.61747741699219,39.287689208984375,49.75455093383789,45.863136291503906,49.75455093383789,39.287689208984375,0.9484074711799622,0.9999991059303284,0.0,0.800000011920929,1.0,1.0
242,data/latent/train/1781995688182_heuristic_00011.npz,27,8.180903434753418,7.618932723999023,0.5453935861587524,0.6553120613098145,83.28744506835938,86.04220581054688,5.462416172027588,77.82502746582031,78.2799301147461,88.23099517822266,85.65301513671875,90.5086441040039,78.2799301147461,-0.027667252346873283,0.9999964237213135,0.0,0.06666667014360428,1.0,1.0
243,data/latent/train/1781996019435_heuristic_00047.npz,779,-1.3429803848266602,-1.2510710954666138,-0.0895320251584053,-0.07232439517974854,45.07490921020508,50.029911041259766,-0.8982685804367065,45.973175048828125,47.44405746459961,55.18807601928711,49.029964447021484,55.18807601928711,39.924407958984375,-0.9999114871025085,0.9900767207145691,0.00026345252990722656,1.0,0.8666666746139526,1.0
244,data/latent/train/1781995605201_heuristic_00002.npz,175,-1.7146133184432983,-1.600894808769226,-0.11430755257606506,-0.10799741744995117,44.41924285888672,49.3116569519043,-1.1607654094696045,45.58000183105469,46.18191146850586,55.04827117919922,47.99833679199219,55.04827117919922,44.35532760620117,0.9935590028762817,0.9999713897705078,1.7881394143159923e-08,1.0,1.0,1.0
245,data/latent/train/1781996000904_heuristic_00045.npz,562,-1.5456517934799194,-1.4458423852920532,-0.10304345190525055,-0.08921992778778076,52.99611282348633,58.95499038696289,-1.059211254119873,54.055320739746094,49.39002227783203,64.921630859375,57.312904357910156,64.921630859375,48.36415100097656,0.13311606645584106,0.9998926520347595,2.582867963951685e-08,0.7333333492279053,1.0,1.0
246,data/latent/train/1781995954713_heuristic_00040.npz,356,-1.7213703393936157,-1.6065385341644287,-0.11475802212953568,-0.10950005054473877,35.5684700012207,39.27631378173828,-1.1623315811157227,36.73081588745117,32.29584884643555,43.85805130004883,38.60831832885742,43.85805130004883,32.29584884643555,0.8583206534385681,0.9999616742134094,0.0,0.800000011920929,1.0,1.0
247,data/latent/train/1781975785803_heuristic_00026.npz,328,-1.5240198373794556,-1.4180389642715454,-0.10160132497549057,-0.07922124862670898,46.940704345703125,50.725685119628906,-1.009539246559143,47.95024108886719,47.27204132080078,55.412296295166016,51.981224060058594,55.412296295166016,47.27204132080078,0.652829110622406,0.9998024106025696,9.536743306171047e-08,0.46666666865348816,1.0,1.0
248,data/latent/train/1781995927298_heuristic_00037.npz,325,-1.6284481287002563,-1.521127462387085,-0.10856320708990097,-0.09966588020324707,40.098751068115234,42.86738586425781,-1.1053398847579956,41.204097747802734,44.03848648071289,46.7668571472168,45.19715118408203,46.7668571472168,44.03848648071289,0.8091895580291748,0.9999863505363464,5.9604645663569045e-09,0.2666666805744171,1.0,1.0
249,data/latent/train/1781975565096_heuristic_00002.npz,889,-1.5308606624603271,-1.4307360649108887,-0.10205737501382828,-0.08935534954071045,47.571773529052734,51.262935638427734,-1.0419920682907104,48.613773345947266,45.435977935791016,55.33884048461914,53.31715774536133,56.849090576171875,45.435977935791016,0.8699781894683838,0.9996480345726013,3.079573218656151e-07,0.7333333492279053,1.0,1.0
250,data/latent/train/1781975657159_heuristic_00012.npz,953,0.09267529845237732,0.06587276607751846,0.006178353447467089,0.12666308879852295,61.57841491699219,65.43379974365234,-0.028739511966705322,61.60714340209961,64.35619354248047,70.2838363647461,67.30450439453125,70.4500503540039,64.35619354248047,-0.4096768796443939,0.9997743964195251,2.7815499947791977e-07,0.800000011920929,1.0,1.0
251,data/latent/train/1781995991387_heuristic_00044.npz,181,-1.7594611644744873,-1.6418023109436035,-0.11729741096496582,-0.11581432819366455,43.62966537475586,47.3278923034668,-1.1871116161346436,44.816768646240234,46.51911544799805,51.95673751831055,48.574100494384766,51.95673751831055,46.194129943847656,0.7076314687728882,0.9993632435798645,8.38637333799852e-06,0.46666666865348816,1.0,1.0
252,data/latent/train/1781996010272_heuristic_00046.npz,672,-1.459811806678772,-1.355120062828064,-0.0973207876086235,-0.03892648592591286,50.67314147949219,54.84547424316406,-0.9501555562019348,51.62331008911133,42.94987869262695,59.65901565551758,55.66187286376953,63.27448654174805,42.94987869262695,-0.18231508135795593,0.9995089769363403,2.1543104594456963e-05,0.9333333373069763,1.0,1.0
253,data/latent/train/1781995808764_heuristic_00024.npz,942,4.005465984344482,3.5834991931915283,0.26703107357025146,0.5676987171173096,56.23912048339844,61.67884063720703,2.025653839111328,54.213462829589844,34.22233200073242,64.30691528320312,57.00648498535156,64.30691528320312,34.22233200073242,0.9999978542327881,0.9999927282333374,0.0,1.0,1.0,1.0
254,data/latent/train/1781995633130_heuristic_00005.npz,749,13.479820251464844,12.417997360229492,0.8986546993255615,1.1803936958312988,88.21575927734375,88.06057739257812,8.349313735961914,79.866455078125,96.72498321533203,85.8834457397461,91.02987670898438,96.72498321533203,84.67557525634766,0.2372543066740036,0.9999196529388428,0.0,0.6666666865348816,1.0,1.0
255,data/latent/train/1781995660611_heuristic_00008.npz,318,-1.7016677856445312,-1.588013768196106,-0.11344452202320099,-0.10277354717254639,38.48942947387695,41.09040451049805,-1.1496634483337402,39.63908767700195,42.74843978881836,44.645599365234375,43.81443405151367,45.52070999145508,42.55030822753906,-0.15324002504348755,0.9995632171630859,1.6152858961504535e-06,0.7333333492279053,1.0,1.0
