t,steer_dataset,gas_dataset,brake_dataset,steer_actor,gas_actor,brake_actor
0,-0.04160205,0.65,0.0,0.44347346,0.44314292,0.015218943
1,-0.15979071,0.65,0.0,1.0,0.93485725,5.9604645e-08
2,-0.1572612,0.35,0.0,1.0,0.8676338,1.1920929e-07
3,-0.2738629,0.65,0.0,1.0,0.2590152,1.6987324e-06
4,-0.31302166,0.35,0.0,1.0,0.042150974,8.7320805e-06
5,-0.08331207,0.5839467,0.2515009,0.9999976,0.019277483,2.4706125e-05
6,-0.19385552,0.65,0.0,0.9998927,0.015627265,3.5762787e-05
7,-0.29573217,0.65,0.0,0.9995192,0.014888525,3.7401915e-05
8,-0.25737694,0.65,0.0,0.99923265,0.01618129,3.477931e-05
9,-0.22649628,0.65,0.0,0.99890983,0.019982904,3.2931566e-05
10,-0.16317485,0.41504055,0.008736398,0.9980818,0.028793007,3.167987e-05
11,-0.20989808,0.65,0.0,0.99564695,0.0478912,3.054738e-05
12,-0.14981383,0.65,0.0,0.987972,0.086946696,2.9534101e-05
13,-0.08808909,0.65,0.0,0.9639486,0.15662089,2.8789043e-05
14,-0.016100096,0.65,0.0,0.89263046,0.2593576,2.849102e-05
15,-0.037898038,0.65,0.0,0.6873387,0.38618916,2.8729439e-05
16,-0.1130103,0.65,0.0,0.11098982,0.5291503,2.9712915e-05
17,0.024898177,0.65,0.0,-0.80057496,0.6943417,3.07858e-05
18,-0.018098498,0.65,0.0,-0.9966503,0.8640259,3.0070543e-05
19,-0.01896927,0.65,0.0,-0.9998867,0.9552978,2.682209e-05
20,0.013468417,0.65,0.0,-0.9999898,0.9864526,2.3782253e-05
21,-0.017113775,0.65,0.0,-0.9999981,0.9955139,2.0951033e-05
22,0.07096042,0.65,0.0,-0.99999934,0.99827063,1.8566847e-05
23,0.07120628,0.65,0.0,-0.99999964,0.99922776,1.630187e-05
24,0.06275934,0.65,0.0,-0.9999997,0.99960804,1.4215708e-05
25,0.09463211,0.65,0.0,-0.9999996,0.99977976,1.2308359e-05
26,0.019614292,0.65,0.0,-0.9999993,0.9998663,1.0669231e-05
27,0.007957123,0.65,0.0,-0.9999983,0.9999138,9.328127e-06
28,0.13110709,0.65,0.0,-0.9999946,0.9999409,8.612871e-06
29,0.23550871,0.65,0.0,-0.9999802,0.99995697,8.6426735e-06
30,0.17820159,0.65,0.0,-0.9999425,0.999969,8.404255e-06
31,0.23619,0.65,0.0,-0.99992466,0.9999809,5.7816505e-06
32,0.05618204,0.65,0.0,-0.9998558,0.9999888,3.1292439e-06
33,0.01675746,0.65,0.0,-0.9995813,0.9999926,1.6987324e-06
34,0.051602926,0.65,0.0,-0.9990029,0.99999475,9.834766e-07
35,0.13282342,0.65,0.0,-0.9979509,0.99999607,5.9604645e-07
36,0.109320745,0.65,0.0,-0.9959948,0.99999684,3.874302e-07
37,0.0072616707,0.65,0.0,-0.99227613,0.9999974,2.682209e-07
38,-0.008685575,0.65,0.0,-0.98519456,0.99999774,1.7881393e-07
39,-0.034426447,0.65,0.0,-0.9717192,0.999998,1.1920929e-07
40,-0.027198458,0.65,0.0,-0.9459983,0.99999815,8.940697e-08
41,-0.12419278,0.65,0.0,-0.89628106,0.9999982,8.940697e-08
42,-0.15848438,0.65,0.0,-0.79743946,0.99999833,5.9604645e-08
43,0.748514,0.46081132,0.183553,-0.590007,0.99999833,5.9604645e-08
44,-0.20230933,0.65,0.0,-0.13280155,0.99999833,2.9802322e-08
45,-0.19762592,0.65,0.0,0.5899781,0.9999983,2.9802322e-08
46,-0.20741172,0.65,0.0,0.8156303,0.9999982,2.9802322e-08
47,-0.08526772,0.65,0.0,0.68641424,0.9999977,5.9604645e-08
48,-0.12339466,0.65,0.0,0.50897866,0.9999964,8.940697e-08
49,-0.059649896,0.65,0.0,0.4532862,0.9999938,8.940697e-08
50,-0.05716643,0.65,0.0,0.43359116,0.9999894,1.1920929e-07
51,-0.06888914,0.65,0.0,0.35732976,0.99998415,1.7881393e-07
52,-0.004654361,0.65,0.0,0.32453778,0.99998057,2.682209e-07
53,-0.06249565,0.65,0.0,0.33313337,0.9999788,3.2782555e-07
54,3.860935e-05,0.65,0.0,0.4006514,0.9999779,3.2782555e-07
55,0.060358033,0.65,0.0,0.49771845,0.99997735,3.2782555e-07
56,0.014527058,0.65,0.0,0.576515,0.9999774,2.682209e-07
57,0.015777992,0.65,0.0,0.60954404,0.9999777,2.3841858e-07
58,-0.05890566,0.65,0.0,0.61443967,0.99997807,2.0861626e-07
59,-0.049096912,0.65,0.0,0.6090399,0.9999784,1.7881393e-07
60,0.013893809,0.65,0.0,0.59588903,0.99997914,1.7881393e-07
61,0.008734224,0.65,0.0,0.56612486,0.99998033,1.4901161e-07
62,0.07776053,0.65,0.0,0.51031476,0.999982,1.4901161e-07
63,0.20757566,0.65,0.0,0.42461035,0.99998415,1.4901161e-07
64,0.194322,0.65,0.0,0.31938162,0.99998647,1.4901161e-07
65,0.13397163,0.65,0.0,0.2293823,0.99998885,1.4901161e-07
66,0.13261026,0.65,0.0,0.2110587,0.99999106,1.4901161e-07
67,0.28007695,0.65,0.0,0.29875764,0.99999297,1.4901161e-07
68,0.23831332,0.65,0.0,0.42209002,0.99999464,1.1920929e-07
69,0.3065457,0.65,0.0,0.44914758,0.99999607,8.940697e-08
70,0.19803551,0.65,0.0,0.3477006,0.99999714,8.940697e-08
71,0.19231847,0.65,0.0,0.17990413,0.999998,8.940697e-08
72,0.2852422,0.65,0.0,0.089306965,0.9999985,8.940697e-08
73,0.09187283,0.65,0.0,0.2165575,0.99999887,5.9604645e-08
74,0.0036050067,0.65,0.0,0.45028663,0.99999917,5.9604645e-08
75,-0.26223567,0.65,0.0,0.49380568,0.9999994,2.9802322e-08
76,0.2592822,0.13486174,0.030700292,0.3426562,0.99999964,2.9802322e-08
77,-0.49017933,0.35,0.0,0.10442507,0.99999976,2.9802322e-08
78,-0.57132816,0.35,0.0,0.07180345,0.99999976,2.9802322e-08
79,-0.62972045,0.35,0.0,0.32461205,0.9999998,2.9802322e-08
80,-0.5102024,0.35,0.05,0.50790614,0.9999999,0.0
81,-0.5366231,0.35,0.0,0.5055629,0.9999999,0.0
82,-0.45138696,0.35,0.0,0.23784116,0.99999994,0.0
83,-0.5566258,0.35,0.0,0.07978101,0.99999994,0.0
84,-0.5669671,0.35,0.05,0.18960401,0.99999994,0.0
85,-0.5235642,0.35,0.05,0.4410687,0.99999994,0.0
86,-0.6621352,0.35,0.0,0.5639038,1.0,0.0
87,-0.6536769,0.35,0.05,0.4683088,1.0,0.0
88,-0.61314636,0.35,0.05,0.24169594,1.0,0.0
89,-0.58175665,0.35,0.05,0.12845637,1.0,0.0
90,-0.7304715,0.35,0.05,0.20961471,1.0,0.0
91,0.40079847,0.32251376,0.27718946,0.4189129,1.0,0.0
92,-1.0,0.35,0.05,0.5555421,1.0,0.0
93,-1.0,0.35,0.05,0.49903074,1.0,0.0
94,-1.0,0.35,0.05,0.25982687,1.0,0.0
95,-1.0,0.35,0.05,-0.041760087,1.0,0.0
96,0.8737434,0.5643318,0.08199761,-0.31879976,1.0,0.0
97,-0.9691503,0.35,0.05,-0.4752922,1.0,0.0
98,-1.0,0.35,0.05,-0.5571405,1.0,0.0
99,-0.9996848,0.35,0.05,-0.6020324,1.0,0.0
