seq_id,value_start,value_actor_final,steer,gas,brake,value_dataset_like_final,delta_actor,delta_dataset_like
0,61.13631820678711,73.19506072998047,0.9548952579498291,0.9999990463256836,0.0,79.36288452148438,12.05874252319336,18.226566314697266
1,42.82272720336914,45.45985794067383,-0.998989999294281,0.9975666999816895,0.00016260147094726562,43.0860595703125,2.6371307373046875,0.2633323669433594
2,77.09476470947266,81.93476104736328,0.24909339845180511,0.9999992847442627,0.0,75.64397430419922,4.839996337890625,-1.4507904052734375
3,63.3486328125,73.22268676757812,0.7788758873939514,0.9999985694885254,0.0,59.98563003540039,9.874053955078125,-3.3630027770996094
4,83.35115814208984,82.5162582397461,0.9111135601997375,0.9999977946281433,0.0,67.68036651611328,-0.83489990234375,-15.670791625976562
5,44.988555908203125,44.85881423950195,0.3690916895866394,0.9997766613960266,8.344650268554688e-07,43.25752639770508,-0.12974166870117188,-1.7310295104980469
6,60.60718536376953,73.30933380126953,0.9999997615814209,0.9999990463256836,0.0,57.17604446411133,12.7021484375,-3.431140899658203
7,71.37348937988281,82.2677230834961,0.4659143090248108,0.9999988079071045,0.0,72.04380798339844,10.894233703613281,0.670318603515625
8,33.7347297668457,26.092586517333984,-0.7051613926887512,0.9999765157699585,2.9802322387695312e-08,32.62419509887695,-7.642143249511719,-1.11053466796875
9,22.828956604003906,38.49000549316406,0.9128323197364807,0.9999932050704956,0.0,38.846981048583984,15.661048889160156,16.018024444580078
10,50.818748474121094,71.48450469970703,0.9999995231628418,0.9999953508377075,0.0,73.92322540283203,20.665756225585938,23.104476928710938
11,42.100772857666016,63.759273529052734,1.0,0.9996087551116943,2.086162567138672e-07,59.77070999145508,21.65850067138672,17.669937133789062
12,30.101642608642578,40.24197769165039,-0.9904415607452393,0.9999441504478455,1.7881393432617188e-07,27.71560287475586,10.140335083007812,-2.3860397338867188
13,83.97838592529297,85.35880279541016,0.30099013447761536,0.9999986290931702,0.0,85.98703002929688,1.3804168701171875,2.0086441040039062
14,37.655120849609375,51.47660446166992,0.9936825633049011,0.9999945759773254,0.0,26.18050193786621,13.821483612060547,-11.474618911743164
15,26.176132202148438,20.33690643310547,0.7848237156867981,0.999998152256012,0.0,21.55018424987793,-5.839225769042969,-4.625947952270508
16,51.510921478271484,59.451290130615234,-0.06918427348136902,0.9999926090240479,0.0,55.58858108520508,7.94036865234375,4.077659606933594
17,44.62815475463867,64.2469711303711,1.0,0.9994722008705139,1.1920928955078125e-07,70.08824157714844,19.618816375732422,25.460086822509766
18,58.00132751464844,69.43201446533203,0.4082314074039459,0.9999969005584717,0.0,63.371307373046875,11.430686950683594,5.3699798583984375
19,50.11797332763672,54.40497589111328,0.10792162269353867,0.9999845623970032,0.0,57.28029251098633,4.2870025634765625,7.162319183349609
20,85.86445617675781,91.31049346923828,-0.061342548578977585,0.9999985694885254,0.0,94.1956558227539,5.446037292480469,8.331199645996094
21,75.96348571777344,72.82312774658203,0.3347151279449463,0.9999964237213135,0.0,68.28225708007812,-3.1403579711914062,-7.6812286376953125
22,62.67243576049805,63.6863899230957,0.2531360983848572,0.9999997615814209,0.0,56.05636978149414,1.0139541625976562,-6.616065979003906
23,55.43002700805664,50.56218338012695,-0.35862231254577637,0.9999982118606567,0.0,46.35585021972656,-4.8678436279296875,-9.074176788330078
24,38.83571243286133,45.35282516479492,0.6302274465560913,0.9999995827674866,0.0,31.703723907470703,6.517112731933594,-7.131988525390625
25,45.43551254272461,53.9540901184082,0.9999999403953552,0.9999911189079285,0.0,20.344390869140625,8.518577575683594,-25.091121673583984
26,20.680614471435547,29.52171516418457,-0.4726093113422394,0.9999996423721313,0.0,20.274953842163086,8.841100692749023,-0.40566062927246094
27,63.19538497924805,66.79361724853516,0.026798266917467117,0.9999984502792358,0.0,64.6893081665039,3.5982322692871094,1.4939231872558594
28,72.20117950439453,68.87201690673828,0.12471480667591095,0.999998927116394,0.0,64.91057586669922,-3.32916259765625,-7.2906036376953125
29,42.988162994384766,44.84906005859375,0.9993799924850464,0.999992311000824,0.0,53.43118667602539,1.8608970642089844,10.443023681640625
30,53.8640251159668,59.586421966552734,0.3797608017921448,0.9999997615814209,0.0,51.90717697143555,5.7223968505859375,-1.95684814453125
31,32.199405670166016,42.035064697265625,0.9997697472572327,0.9999975562095642,0.0,31.124818801879883,9.83565902709961,-1.0745868682861328
32,61.80768966674805,68.01834106445312,0.2754993140697479,0.9999921917915344,0.0,60.74176025390625,6.210651397705078,-1.0659294128417969
33,58.62554931640625,57.91438293457031,0.7668521404266357,0.9999991655349731,0.0,52.45583724975586,-0.7111663818359375,-6.169712066650391
34,35.01732635498047,46.606624603271484,0.9185894131660461,0.9999889135360718,0.0,37.70695495605469,11.589298248291016,2.6896286010742188
35,46.675453186035156,51.35096740722656,0.999550461769104,0.9982495307922363,1.189112663269043e-05,30.458412170410156,4.675514221191406,-16.217041015625
36,64.88374328613281,71.1950912475586,0.9834535121917725,0.9999995827674866,0.0,40.484127044677734,6.311347961425781,-24.399616241455078
37,84.05091857910156,93.94774627685547,-0.9146184921264648,0.9999939799308777,0.0,92.6704330444336,9.896827697753906,8.619514465332031
38,54.94549560546875,61.88376998901367,0.43934014439582825,0.9999989867210388,0.0,60.991703033447266,6.938274383544922,6.046207427978516
39,60.540618896484375,72.64725494384766,-0.3013397753238678,0.9999945163726807,0.0,59.50597381591797,12.106636047363281,-1.0346450805664062
40,44.02239990234375,47.369903564453125,-1.0,0.999455988407135,8.401274681091309e-05,38.49697494506836,3.347503662109375,-5.525424957275391
41,29.915584564208984,34.875186920166016,-0.031076643615961075,0.9999986290931702,0.0,23.120349884033203,4.959602355957031,-6.795234680175781
42,44.918212890625,70.0989990234375,0.9998849630355835,0.9999996423721313,0.0,59.836578369140625,25.1807861328125,14.918365478515625
43,52.72675323486328,62.98482894897461,-0.8238070607185364,0.9999992847442627,0.0,50.87544250488281,10.258075714111328,-1.8513107299804688
44,47.55533981323242,45.05808639526367,0.9999551177024841,0.9999972581863403,0.0,25.723657608032227,-2.49725341796875,-21.831682205200195
45,46.4784049987793,50.73737716674805,0.028205644339323044,0.9999991655349731,0.0,49.23368453979492,4.25897216796875,2.755279541015625
46,19.93964385986328,34.80099868774414,0.9999872446060181,0.9999901652336121,0.0,3.1957316398620605,14.86135482788086,-16.74391222000122
47,40.8984375,43.887516021728516,0.4076670706272125,0.9999982118606567,0.0,39.2755241394043,2.9890785217285156,-1.6229133605957031
48,74.63179016113281,65.56079864501953,0.11151482909917831,0.9999986886978149,0.0,58.873313903808594,-9.070991516113281,-15.758476257324219
49,40.776145935058594,50.31364059448242,0.4704195559024811,0.9999980330467224,0.0,49.39817428588867,9.537494659423828,8.622028350830078
50,32.58382034301758,40.41318893432617,0.26815205812454224,0.999976634979248,2.9802322387695312e-08,38.2731819152832,7.829368591308594,5.689361572265625
51,59.96637725830078,59.047672271728516,0.5521240830421448,0.9999966025352478,0.0,59.57938003540039,-0.9187049865722656,-0.3869972229003906
52,27.596099853515625,34.70059585571289,0.6036407351493835,0.999687910079956,1.2218952178955078e-06,28.743364334106445,7.104496002197266,1.1472644805908203
53,90.75332641601562,105.97541046142578,-0.9999999403953552,0.9999195337295532,1.8477439880371094e-06,93.9627914428711,15.222084045410156,3.2094650268554688
54,29.926475524902344,41.560184478759766,-0.45984306931495667,0.9999992847442627,0.0,32.744632720947266,11.633708953857422,2.818157196044922
55,81.72806549072266,97.71160125732422,0.6404364705085754,0.9999974966049194,0.0,80.69267272949219,15.983535766601562,-1.0353927612304688
56,62.63325881958008,64.03147888183594,-0.6106246113777161,0.999997615814209,0.0,62.30876922607422,1.3982200622558594,-0.3244895935058594
57,32.29884338378906,32.8300895690918,0.25395897030830383,0.9999972581863403,0.0,24.85498046875,0.5312461853027344,-7.4438629150390625
58,36.68509292602539,33.52050018310547,0.7367715835571289,0.9999984502792358,0.0,26.614187240600586,-3.164592742919922,-10.070905685424805
59,105.40105438232422,100.49866485595703,-0.11603415757417679,0.9999947547912598,0.0,96.04150390625,-4.9023895263671875,-9.359550476074219
60,29.378164291381836,41.804534912109375,0.40714147686958313,0.9999991059303284,0.0,27.418664932250977,12.426370620727539,-1.9594993591308594
61,45.2722053527832,47.05488586425781,0.32462912797927856,0.9999986886978149,0.0,44.09099578857422,1.7826805114746094,-1.1812095642089844
62,72.36380767822266,78.5990982055664,0.9997754096984863,0.9999995231628418,0.0,73.95089721679688,6.23529052734375,1.5870895385742188
63,70.2785873413086,80.4775619506836,0.9915646314620972,0.999998927116394,0.0,60.94099044799805,10.198974609375,-9.337596893310547
64,48.36330795288086,48.91112518310547,-0.7335853576660156,0.9999681711196899,5.960464477539063e-08,50.49326705932617,0.5478172302246094,2.1299591064453125
65,49.89118576049805,52.25864791870117,0.8802748322486877,0.9998589158058167,2.682209014892578e-07,54.39795684814453,2.367462158203125,4.506771087646484
66,91.62728881835938,103.6677017211914,-0.9913344383239746,0.9999116063117981,4.76837158203125e-07,77.33489227294922,12.040412902832031,-14.292396545410156
67,45.01174545288086,56.264278411865234,0.9725469350814819,0.9999309778213501,8.940696716308594e-08,50.36808776855469,11.252532958984375,5.356342315673828
68,46.839473724365234,49.34994125366211,-0.983458399772644,0.9999984502792358,0.0,28.0401611328125,2.510467529296875,-18.799312591552734
69,99.1727294921875,96.14045715332031,0.9321558475494385,0.9999920129776001,0.0,96.8873062133789,-3.0322723388671875,-2.2854232788085938
70,26.12078285217285,37.68583297729492,0.9975683093070984,0.9999977350234985,0.0,37.67001724243164,11.56505012512207,11.549234390258789
71,63.77809524536133,76.07384490966797,0.9553817510604858,0.9998988509178162,1.7881393432617188e-07,64.30480194091797,12.29574966430664,0.5267066955566406
72,54.45315170288086,70.49285125732422,0.15901103615760803,0.9999988079071045,0.0,64.49899291992188,16.03969955444336,10.045841217041016
73,68.09379577636719,74.04235076904297,0.3974548876285553,0.9999995827674866,0.0,68.0029067993164,5.948554992675781,-0.09088897705078125
74,29.414615631103516,38.35110855102539,0.5908032059669495,0.9999971389770508,0.0,21.70270347595215,8.936492919921875,-7.711912155151367
75,53.2714958190918,57.945491790771484,0.44004496932029724,0.9999978542327881,0.0,58.37016296386719,4.6739959716796875,5.098667144775391
76,35.541229248046875,45.50364685058594,0.41615915298461914,0.9999998807907104,0.0,31.670753479003906,9.962417602539062,-3.8704757690429688
77,92.91311645507812,96.6978988647461,-0.10352618247270584,0.9999983310699463,0.0,94.36620330810547,3.7847824096679688,1.4530868530273438
78,36.092891693115234,39.557884216308594,-0.5156822800636292,0.9999451041221619,1.1920928955078125e-07,35.550106048583984,3.4649925231933594,-0.54278564453125
79,34.885860443115234,48.174041748046875,0.9955548048019409,0.9999852180480957,0.0,39.87209701538086,13.28818130493164,4.986236572265625
80,38.1785888671875,48.04860305786133,-0.6045442819595337,0.999957799911499,5.960464477539063e-08,44.215450286865234,9.870014190673828,6.036861419677734
81,38.984195709228516,40.58538055419922,0.6449318528175354,0.9999919533729553,0.0,32.74837875366211,1.6011848449707031,-6.235816955566406
82,79.99774932861328,77.96231842041016,0.15962083637714386,0.9999971389770508,0.0,74.53060150146484,-2.035430908203125,-5.4671478271484375
83,69.77340698242188,77.43180084228516,-0.44829660654067993,0.9999970197677612,0.0,76.77507781982422,7.658393859863281,7.001670837402344
84,76.53414154052734,84.12421417236328,-0.8328685164451599,0.9999979138374329,0.0,73.06244659423828,7.5900726318359375,-3.4716949462890625
85,35.82082748413086,49.8251838684082,1.0,0.9996731281280518,5.960464477539063e-08,41.38054275512695,14.004356384277344,5.559715270996094
86,53.755741119384766,58.8985481262207,0.620846152305603,0.9999997615814209,0.0,52.30326461791992,5.1428070068359375,-1.4524765014648438
87,74.29362487792969,79.50221252441406,-0.3520565330982208,0.9999990463256836,0.0,78.41779327392578,5.208587646484375,4.124168395996094
88,71.06832122802734,81.06089782714844,0.8187862634658813,0.9999996423721313,0.0,62.88418197631836,9.992576599121094,-8.184139251708984
89,75.0976791381836,88.35245513916016,0.23127944767475128,0.9999991655349731,0.0,74.59132385253906,13.254776000976562,-0.5063552856445312
90,84.62206268310547,83.13529205322266,0.10007868707180023,0.9999995231628418,0.0,82.86589050292969,-1.4867706298828125,-1.7561721801757812
91,92.47332000732422,105.33153533935547,-0.9833105206489563,0.9999472498893738,2.086162567138672e-07,82.6279525756836,12.85821533203125,-9.845367431640625
92,22.803030014038086,42.094390869140625,0.6106748580932617,0.9999874234199524,0.0,33.6508674621582,19.29136085510254,10.847837448120117
93,66.40271759033203,85.51203918457031,0.5833379626274109,0.9999988079071045,0.0,82.02941131591797,19.10932159423828,15.626693725585938
94,59.56275939941406,72.8836669921875,0.1830132156610489,0.9999993443489075,0.0,40.539039611816406,13.320907592773438,-19.023719787597656
95,95.06359100341797,101.12238311767578,-0.6176694631576538,0.9999974966049194,0.0,88.88502502441406,6.0587921142578125,-6.178565979003906
96,55.77507400512695,67.47595977783203,-0.821884274482727,0.9999685287475586,5.960464477539063e-08,63.9537467956543,11.700885772705078,8.178672790527344
97,44.7552604675293,56.110172271728516,0.6599029302597046,0.9999933242797852,0.0,48.62211227416992,11.354911804199219,3.866851806640625
98,29.678775787353516,34.60452651977539,-0.7388361096382141,0.9999275207519531,1.4901161193847656e-07,37.166908264160156,4.925750732421875,7.488132476806641
99,22.373985290527344,22.66625213623047,0.9994906187057495,0.9999969601631165,0.0,27.598546981811523,0.292266845703125,5.22456169128418
100,37.499210357666016,46.86330795288086,0.6220942735671997,0.9999942183494568,0.0,45.422115325927734,9.364097595214844,7.922904968261719
101,31.775392532348633,35.374427795410156,0.9998602271080017,0.9999707937240601,0.0,29.620805740356445,3.5990352630615234,-2.1545867919921875
102,51.60599136352539,59.58412551879883,0.6164606213569641,0.9999964833259583,0.0,58.4536247253418,7.9781341552734375,6.847633361816406
103,42.1324348449707,30.320974349975586,0.9999523162841797,0.9999903440475464,0.0,18.90704917907715,-11.811460494995117,-23.225385665893555
104,21.047916412353516,23.431507110595703,-0.06299472600221634,0.9999945163726807,0.0,19.408382415771484,2.3835906982421875,-1.6395339965820312
105,48.556732177734375,59.356689453125,-0.6223411560058594,0.9992024302482605,9.626150131225586e-06,51.8378791809082,10.799957275390625,3.281147003173828
106,90.2090835571289,81.93846130371094,0.5463438034057617,0.9999891519546509,0.0,80.14531707763672,-8.270622253417969,-10.063766479492188
107,52.39265060424805,56.96539306640625,-0.8666614890098572,0.9998458623886108,7.450580596923828e-07,51.438533782958984,4.572742462158203,-0.9541168212890625
108,22.85736083984375,33.835205078125,-0.9987371563911438,0.9999991655349731,0.0,34.12448501586914,10.97784423828125,11.26712417602539
109,62.23725128173828,75.58818817138672,0.20864447951316833,0.9999998807907104,0.0,53.39832305908203,13.350936889648438,-8.83892822265625
110,44.74226760864258,56.97400665283203,-0.3022364377975464,0.9999994039535522,0.0,34.428863525390625,12.231739044189453,-10.313404083251953
111,45.98056411743164,42.82642364501953,1.0,0.9999971389770508,0.0,24.308326721191406,-3.1541404724121094,-21.672237396240234
112,51.22089767456055,55.30116653442383,0.999998927116394,0.9999988079071045,0.0,25.87108612060547,4.080268859863281,-25.349811553955078
113,47.66208267211914,60.00978469848633,0.3788537085056305,0.9999538660049438,8.940696716308594e-08,54.88114929199219,12.347702026367188,7.219066619873047
114,89.29342651367188,89.16675567626953,0.1901184618473053,0.999121367931366,1.0818243026733398e-05,55.10917663574219,-0.12667083740234375,-34.18424987792969
115,14.555947303771973,25.17559242248535,-0.1106046736240387,0.9999951124191284,0.0,24.35051727294922,10.619645118713379,9.794569969177246
116,54.78624725341797,62.975826263427734,-0.9247516393661499,0.9999971389770508,0.0,55.23373031616211,8.189579010009766,0.4474830627441406
117,59.446250915527344,72.52017974853516,0.9967284202575684,0.9999998807907104,0.0,63.371456146240234,13.073928833007812,3.9252052307128906
118,27.447528839111328,35.843196868896484,0.9999943375587463,0.9999895095825195,0.0,32.96744918823242,8.395668029785156,5.519920349121094
119,44.06911849975586,59.08230972290039,0.9985382556915283,0.9998718500137329,1.7881393432617188e-07,56.34772872924805,15.013191223144531,12.278610229492188
120,41.12258529663086,37.14799118041992,0.9999367594718933,0.9999758005142212,0.0,30.73383331298828,-3.9745941162109375,-10.388751983642578
121,75.384521484375,73.77726745605469,-0.7880358695983887,0.9999994039535522,0.0,60.72624969482422,-1.6072540283203125,-14.658271789550781
122,60.22316360473633,64.71473693847656,-1.0,0.9997594356536865,1.8805265426635742e-05,39.70948791503906,4.491573333740234,-20.513675689697266
123,45.276737213134766,69.94957733154297,0.9999853372573853,0.9999997615814209,0.0,57.23984146118164,24.672840118408203,11.963104248046875
124,53.25327682495117,74.91938018798828,1.0,0.9999109506607056,0.0,75.33257293701172,21.66610336303711,22.079296112060547
125,37.209495544433594,28.624000549316406,0.7255471348762512,0.9999935626983643,0.0,34.691898345947266,-8.585494995117188,-2.517597198486328
126,38.908687591552734,45.1439094543457,0.15523844957351685,0.9999982118606567,0.0,39.92815017700195,6.235221862792969,1.0194625854492188
127,37.8120002746582,44.457767486572266,0.9934901595115662,0.999995768070221,0.0,38.14129638671875,6.6457672119140625,0.3292961120605469
128,48.99868392944336,54.31991958618164,-0.5037716031074524,0.9999800324440002,2.9802322387695312e-08,53.15022659301758,5.321235656738281,4.151542663574219
129,45.151161193847656,53.3243293762207,-0.9997108578681946,0.9999977350234985,0.0,34.945186614990234,8.173168182373047,-10.205974578857422
130,52.2879638671875,58.77353286743164,-0.13984721899032593,0.9999951124191284,0.0,57.205570220947266,6.485569000244141,4.917606353759766
131,50.546695709228516,65.28870391845703,-0.9980630278587341,0.9989457130432129,3.972649574279785e-05,55.35422134399414,14.742008209228516,4.807525634765625
132,84.24151611328125,68.62126159667969,-0.033329639583826065,0.9999991655349731,0.0,62.96778106689453,-15.620254516601562,-21.27373504638672
133,38.26179885864258,57.30208206176758,0.3071509003639221,0.9999507665634155,5.960464477539063e-08,50.211883544921875,19.040283203125,11.950084686279297
134,39.34162902832031,35.910057067871094,0.9760687947273254,0.9999806880950928,0.0,28.911300659179688,-3.4315719604492188,-10.430328369140625
135,52.928470611572266,78.39005279541016,1.0,0.9999970197677612,0.0,65.4246597290039,25.46158218383789,12.49618911743164
136,45.173866271972656,57.593299865722656,0.16083192825317383,0.9999987483024597,0.0,51.339256286621094,12.41943359375,6.1653900146484375
137,84.55237579345703,83.82352447509766,-0.5982030034065247,0.999997615814209,0.0,85.30277252197266,-0.728851318359375,0.750396728515625
138,51.52149200439453,56.457122802734375,0.9970014095306396,0.9999876618385315,0.0,40.20063400268555,4.935630798339844,-11.320858001708984
139,52.80503463745117,61.74003601074219,0.30731257796287537,0.999969482421875,2.9802322387695312e-08,56.59366989135742,8.935001373291016,3.78863525390625
140,37.23944854736328,41.354610443115234,-0.9752781391143799,0.9999985694885254,0.0,35.45901870727539,4.115161895751953,-1.7804298400878906
141,18.15967559814453,24.348918914794922,-0.8259610533714294,0.9999974966049194,0.0,-2.2545552253723145,6.189243316650391,-20.414230823516846
142,67.56946563720703,71.65979766845703,0.9999997019767761,0.99853515625,3.6954879760742188e-06,65.17853546142578,4.09033203125,-2.39093017578125
143,52.1080436706543,67.5982437133789,0.9937373399734497,0.9977008104324341,2.682209014892578e-05,46.71429443359375,15.49020004272461,-5.393749237060547
144,19.187803268432617,19.348995208740234,-0.6214308738708496,0.9999977350234985,0.0,26.76514434814453,0.1611919403076172,7.577341079711914
145,94.17610931396484,99.88955688476562,-0.005441597197204828,0.9999991655349731,0.0,93.2162857055664,5.713447570800781,-0.9598236083984375
146,53.2572135925293,56.04651641845703,0.37022116780281067,0.9999927282333374,0.0,41.40693283081055,2.7893028259277344,-11.85028076171875
147,65.06561279296875,79.08219146728516,-0.16634601354599,0.9999989867210388,0.0,72.89716339111328,14.016578674316406,7.831550598144531
148,55.901058197021484,68.17159271240234,0.9998866319656372,0.9999997615814209,0.0,59.959259033203125,12.27053451538086,4.058200836181641
149,27.2781925201416,35.69539260864258,0.012096202000975609,0.9999897480010986,0.0,27.132850646972656,8.417200088500977,-0.1453418731689453
150,52.44091033935547,60.80503463745117,-0.9265581965446472,0.9999974966049194,0.0,55.67165756225586,8.364124298095703,3.2307472229003906
151,63.54153823852539,67.14167785644531,0.9999996423721313,0.9999970197677612,0.0,47.32734680175781,3.600139617919922,-16.214191436767578
152,78.07616424560547,76.12923431396484,0.13037273287773132,0.9999994039535522,0.0,75.11531829833984,-1.946929931640625,-2.960845947265625
153,101.6089096069336,102.190673828125,0.9991928339004517,0.9999839067459106,0.0,97.23491668701172,0.5817642211914062,-4.373992919921875
154,60.01297378540039,64.72361755371094,-0.7467504143714905,0.9999979734420776,0.0,48.41421127319336,4.710643768310547,-11.598762512207031
155,53.56343460083008,65.45662689208984,0.923271119594574,0.9999830722808838,0.0,55.861637115478516,11.893192291259766,2.2982025146484375
156,57.28853225708008,63.89116287231445,0.9953379034996033,0.9999995231628418,0.0,48.784332275390625,6.602630615234375,-8.504199981689453
157,44.742671966552734,57.899391174316406,0.7411397695541382,0.999987006187439,0.0,54.54592514038086,13.156719207763672,9.803253173828125
158,41.19169998168945,53.3692512512207,0.9998446106910706,0.9999958872795105,0.0,39.64112854003906,12.17755126953125,-1.5505714416503906
159,44.22726821899414,57.045799255371094,-0.6297675967216492,0.9999995231628418,0.0,51.24150466918945,12.818531036376953,7.0142364501953125
160,67.10621643066406,70.90180206298828,-0.347908616065979,0.9999983906745911,0.0,53.962364196777344,3.7955856323242188,-13.143852233886719
161,28.81736946105957,39.179813385009766,0.628724992275238,0.9999889135360718,0.0,37.48506546020508,10.362443923950195,8.667695999145508
162,26.41832733154297,41.98460006713867,0.9908157587051392,0.9999457001686096,2.9802322387695312e-08,43.02330780029297,15.566272735595703,16.60498046875
163,33.336490631103516,46.091705322265625,0.9985313415527344,0.9999853372573853,0.0,39.998512268066406,12.75521469116211,6.662021636962891
164,35.2180290222168,49.33964157104492,1.0,0.9999386072158813,0.0,46.246219635009766,14.121612548828125,11.028190612792969
165,26.38715362548828,35.66992950439453,0.9999955892562866,0.999523937702179,5.662441253662109e-07,35.30184555053711,9.28277587890625,8.914691925048828
166,37.22254943847656,62.48167419433594,0.9476835131645203,0.9995144605636597,1.9669532775878906e-06,42.96513748168945,25.259124755859375,5.742588043212891
167,70.22280883789062,60.69113540649414,0.320054292678833,0.9999697208404541,2.9802322387695312e-08,66.0282211303711,-9.531673431396484,-4.194587707519531
168,77.1077651977539,65.3064956665039,0.9964160919189453,0.9990924000740051,4.410743713378906e-06,63.759578704833984,-11.80126953125,-13.348186492919922
169,77.01883697509766,93.0872573852539,0.9908663034439087,0.9997265338897705,5.662441253662109e-07,73.39240264892578,16.06842041015625,-3.626434326171875
170,68.54644012451172,82.70948028564453,1.0,0.9999854564666748,0.0,73.8001937866211,14.163040161132812,5.253753662109375
171,47.260643005371094,64.24286651611328,-0.4426009953022003,0.9996779561042786,1.7285346984863281e-06,67.93882751464844,16.982223510742188,20.678184509277344
172,47.484806060791016,45.475101470947266,0.20688048005104065,0.9999704360961914,2.9802322387695312e-08,29.633922576904297,-2.00970458984375,-17.85088348388672
173,20.21480941772461,17.0300350189209,-0.9964200854301453,0.9999908804893494,0.0,17.19727325439453,-3.184774398803711,-3.017536163330078
174,49.75706100463867,58.03152084350586,0.9997260570526123,0.9999861717224121,0.0,41.53348922729492,8.274459838867188,-8.22357177734375
175,66.10320281982422,75.0937728881836,0.9605552554130554,0.9999300837516785,1.1920928955078125e-07,53.22378158569336,8.990570068359375,-12.87942123413086
176,81.70626068115234,68.64636993408203,-1.0,0.9998661875724792,5.27501106262207e-06,58.501712799072266,-13.059890747070312,-23.204547882080078
177,58.43370819091797,60.1495475769043,0.5535312294960022,0.9999994039535522,0.0,68.34545135498047,1.7158393859863281,9.9117431640625
178,36.885711669921875,50.210960388183594,0.987350344657898,0.9998877048492432,1.4901161193847656e-07,43.983028411865234,13.325248718261719,7.097316741943359
179,51.48430252075195,72.54857635498047,-0.999997615814209,0.9996018409729004,2.2172927856445312e-05,47.0215950012207,21.064273834228516,-4.46270751953125
180,40.28815841674805,44.09646224975586,0.9996455907821655,0.9999989867210388,0.0,33.5596923828125,3.8083038330078125,-6.728466033935547
181,34.6297492980957,45.91291046142578,0.44704270362854004,0.999998927116394,0.0,36.61661148071289,11.283161163330078,1.9868621826171875
182,63.06610107421875,67.7886734008789,0.10940404236316681,0.9999985694885254,0.0,66.52400970458984,4.722572326660156,3.4579086303710938
183,60.96931838989258,58.72404098510742,0.9999899864196777,0.9999960064888,0.0,39.81490707397461,-2.2452774047851562,-21.15441131591797
184,17.45669174194336,20.990943908691406,0.9998430013656616,0.999996542930603,0.0,18.561704635620117,3.534252166748047,1.1050128936767578
185,49.560970306396484,53.58351516723633,-0.12505017220973969,0.9999629855155945,5.960464477539063e-08,55.92268371582031,4.022544860839844,6.361713409423828
186,34.326385498046875,29.30210304260254,-0.981086790561676,0.9999341368675232,2.384185791015625e-07,34.48323440551758,-5.024282455444336,0.15684890747070312
187,79.30587005615234,64.60102081298828,0.9998185038566589,0.9999426603317261,2.9802322387695312e-08,52.512935638427734,-14.704849243164062,-26.79293441772461
188,87.29647064208984,83.3874282836914,-0.5031977295875549,0.9999920129776001,0.0,73.8975601196289,-3.9090423583984375,-13.398910522460938
189,8.014603614807129,10.537190437316895,0.9989864826202393,0.9999934434890747,0.0,-8.327030181884766,2.5225868225097656,-16.341633796691895
190,63.35807800292969,63.03272247314453,0.9999995827674866,0.9999989867210388,0.0,18.67818832397461,-0.32535552978515625,-44.67988967895508
191,64.51593780517578,72.9634780883789,0.40038207173347473,0.9999967813491821,0.0,63.0934944152832,8.447540283203125,-1.4224433898925781
192,44.77695083618164,54.53248977661133,-1.0,0.9995344877243042,5.2094459533691406e-05,40.85860061645508,9.755538940429688,-3.9183502197265625
193,45.68160629272461,54.19626998901367,0.8917616605758667,0.9999858140945435,0.0,47.35143280029297,8.514663696289062,1.6698265075683594
194,58.14754104614258,53.882694244384766,0.30759909749031067,0.9999983310699463,0.0,47.814205169677734,-4.2648468017578125,-10.333335876464844
195,59.346435546875,50.771663665771484,0.9974033236503601,0.999610960483551,9.5367431640625e-07,48.46664810180664,-8.574771881103516,-10.87978744506836
196,76.78243255615234,81.30007934570312,-0.9999145269393921,0.9999644756317139,2.086162567138672e-07,57.156951904296875,4.517646789550781,-19.62548065185547
197,53.9861946105957,66.21501159667969,0.6425912976264954,0.9999967813491821,0.0,58.26304626464844,12.228816986083984,4.276851654052734
198,57.2631721496582,55.214420318603516,0.22345800697803497,0.9999995231628418,0.0,55.112815856933594,-2.0487518310546875,-2.1503562927246094
199,84.98865509033203,84.86954498291016,-0.042751897126436234,0.999998927116394,0.0,74.08132934570312,-0.119110107421875,-10.907325744628906
200,56.381839752197266,67.571044921875,-0.4694085419178009,0.9999955892562866,0.0,67.1234359741211,11.189205169677734,10.741596221923828
201,31.610197067260742,44.03323745727539,0.9834511876106262,0.9999915361404419,0.0,37.098114013671875,12.423040390014648,5.487916946411133
202,75.23591613769531,66.20856475830078,0.9956441521644592,0.9973226189613342,2.7745962142944336e-05,51.27105712890625,-9.027351379394531,-23.964859008789062
203,44.191036224365234,48.91740798950195,-0.7353838086128235,0.9999220371246338,1.7881393432617188e-07,48.72736740112305,4.726371765136719,4.5363311767578125
204,50.60642623901367,65.43096160888672,0.7688143253326416,0.9999920725822449,0.0,62.42708206176758,14.824535369873047,11.820655822753906
205,81.82605743408203,94.99176788330078,0.9999998807907104,0.9999085664749146,2.9802322387695312e-08,93.54878997802734,13.16571044921875,11.722732543945312
206,59.54074478149414,59.47705841064453,-0.532405436038971,0.9976511001586914,6.401538848876953e-05,49.082942962646484,-0.06368637084960938,-10.457801818847656
207,105.67132568359375,91.41011810302734,0.7695888876914978,0.9999762773513794,2.9802322387695312e-08,91.54439544677734,-14.261207580566406,-14.126930236816406
208,30.541065216064453,37.99539566040039,0.08003407716751099,0.9999974370002747,0.0,33.716121673583984,7.4543304443359375,3.1750564575195312
209,79.39774322509766,83.55683898925781,-0.5251520276069641,0.999998927116394,0.0,70.87167358398438,4.159095764160156,-8.526069641113281
210,82.5737533569336,86.24275970458984,0.9132688045501709,0.9999881386756897,0.0,86.83535766601562,3.66900634765625,4.261604309082031
211,81.82779693603516,91.16797637939453,0.999839186668396,0.9999988079071045,0.0,75.24256134033203,9.340179443359375,-6.585235595703125
212,57.4988899230957,66.78911590576172,0.46637803316116333,0.9999952912330627,0.0,62.359920501708984,9.290225982666016,4.861030578613281
213,50.29903030395508,60.52982711791992,0.40873053669929504,0.9999927282333374,0.0,60.16702651977539,10.230796813964844,9.867996215820312
214,92.61115264892578,93.90562438964844,-0.31350141763687134,0.9999986290931702,0.0,89.1380844116211,1.2944717407226562,-3.4730682373046875
215,57.44053649902344,62.41126251220703,0.18135547637939453,0.9999988079071045,0.0,61.57193374633789,4.970726013183594,4.131397247314453
216,46.56646728515625,57.05358123779297,0.9999805092811584,0.9999704360961914,0.0,57.035404205322266,10.487113952636719,10.468936920166016
217,62.82670211791992,75.98107147216797,0.9840672016143799,0.9999997615814209,0.0,69.46807098388672,13.154369354248047,6.641368865966797
218,6.860254764556885,-17.429874420166016,1.0,0.9999665021896362,0.0,-23.10651969909668,-24.2901291847229,-29.966774463653564
219,98.10321044921875,95.04119873046875,-0.6894683837890625,0.9999982118606567,0.0,89.15018463134766,-3.06201171875,-8.953025817871094
220,63.52870178222656,78.7558364868164,0.9999783635139465,0.9999869465827942,0.0,88.02376556396484,15.227134704589844,24.49506378173828
221,94.99756622314453,93.95182037353516,-0.09970546513795853,0.9999948740005493,0.0,86.21588134765625,-1.045745849609375,-8.781684875488281
222,86.48407745361328,90.88139343261719,0.1810489296913147,0.999999463558197,0.0,93.58008575439453,4.397315979003906,7.09600830078125
223,44.09945297241211,48.2679328918457,0.46506407856941223,0.9999988675117493,0.0,35.8675651550293,4.168479919433594,-8.231887817382812
224,68.72643280029297,63.35587692260742,-0.9825596213340759,0.9999881386756897,0.0,70.71172332763672,-5.370555877685547,1.98529052734375
225,12.789318084716797,7.75108003616333,-0.9479815363883972,0.9999994039535522,0.0,-14.69983959197998,-5.038238048553467,-27.489157676696777
226,46.709285736083984,57.615760803222656,0.26125073432922363,0.9999994039535522,0.0,54.611507415771484,10.906475067138672,7.9022216796875
227,48.40870666503906,41.27751159667969,0.7284064888954163,0.9999991655349731,0.0,31.01066017150879,-7.131195068359375,-17.398046493530273
228,39.83639144897461,47.160911560058594,0.9997574687004089,0.9999987483024597,0.0,33.36423110961914,7.324520111083984,-6.472160339355469
229,70.7008285522461,76.31795501708984,-0.47175219655036926,0.9999977350234985,0.0,64.85977935791016,5.61712646484375,-5.8410491943359375
230,35.98891830444336,43.817100524902344,-0.9279585480690002,0.9999884963035583,0.0,37.87612533569336,7.828182220458984,1.88720703125
231,41.721736907958984,45.495635986328125,0.026216696947813034,0.9999982118606567,0.0,29.06377410888672,3.7738990783691406,-12.657962799072266
232,54.11573028564453,60.20405578613281,0.5994707942008972,0.9999988079071045,0.0,68.00455474853516,6.088325500488281,13.888824462890625
233,69.9072036743164,71.951904296875,0.3024117946624756,0.9999972581863403,0.0,55.27084732055664,2.0447006225585938,-14.636356353759766
234,67.09619903564453,71.96077728271484,0.8176047801971436,0.9999916553497314,0.0,61.76875305175781,4.8645782470703125,-5.327445983886719
235,68.66045379638672,80.23438262939453,0.21229742467403412,0.9999903440475464,0.0,77.82659149169922,11.573928833007812,9.1661376953125
236,47.43039321899414,47.36936569213867,0.998096764087677,0.9999850988388062,0.0,40.47431564331055,-0.06102752685546875,-6.956077575683594
237,8.935504913330078,10.596007347106934,1.0,0.9999964237213135,0.0,-14.313864707946777,1.6605024337768555,-23.249369621276855
238,35.015499114990234,44.5608024597168,-0.514723002910614,0.9999998807907104,0.0,37.973140716552734,9.545303344726562,2.9576416015625
239,70.21981048583984,84.38016510009766,0.9998586177825928,0.9999983906745911,0.0,50.33613204956055,14.160354614257812,-19.883678436279297
240,59.280433654785156,69.0472640991211,-0.5477420687675476,0.9999978542327881,0.0,60.519371032714844,9.766830444335938,1.2389373779296875
241,39.287689208984375,49.62651824951172,0.8144991993904114,0.9999997615814209,0.0,38.477867126464844,10.338829040527344,-0.8098220825195312
242,78.2799301147461,90.44110870361328,-0.42141807079315186,0.999999463558197,0.0,89.31905364990234,12.161178588867188,11.03912353515625
243,47.44405746459961,54.5782356262207,-0.9995442628860474,0.9968414306640625,0.00029081106185913086,49.16368865966797,7.134178161621094,1.7196311950683594
244,46.18191146850586,53.905521392822266,0.9553209543228149,0.9999985694885254,0.0,34.63094711303711,7.723609924316406,-11.55096435546875
245,49.39002227783203,64.49272918701172,0.6049776077270508,0.9999994039535522,0.0,53.12199020385742,15.102706909179688,3.7319679260253906
246,32.29584884643555,42.873741149902344,0.6090993881225586,0.9999998211860657,0.0,19.075748443603516,10.577892303466797,-13.220100402832031
247,47.27204132080078,55.33070755004883,0.11204557865858078,0.999995231628418,0.0,42.075626373291016,8.058666229248047,-5.196414947509766
248,44.03848648071289,46.37881851196289,0.7794716358184814,0.9999995231628418,0.0,48.15695571899414,2.34033203125,4.11846923828125
249,45.435977935791016,55.81490707397461,0.5000162124633789,0.999999463558197,0.0,34.750308990478516,10.378929138183594,-10.6856689453125
250,64.35619354248047,70.49150848388672,-0.6589654088020325,0.9998502731323242,7.748603820800781e-07,55.52508544921875,6.13531494140625,-8.831108093261719
251,46.51911544799805,51.55222702026367,-0.1001710295677185,0.9999990463256836,0.0,50.970245361328125,5.033111572265625,4.451129913330078
252,42.94987869262695,57.967472076416016,1.0,0.9999268054962158,0.0,61.78160858154297,15.017593383789062,18.831729888916016
253,34.22233200073242,63.387359619140625,0.9999911189079285,0.9999997615814209,0.0,56.95000076293945,29.165027618408203,22.72766876220703
254,96.72498321533203,85.31153869628906,0.9697254300117493,0.9999933242797852,0.0,85.33829498291016,-11.413444519042969,-11.386688232421875
255,42.74843978881836,44.36536407470703,0.0756930336356163,0.9999922513961792,0.0,37.10981750488281,1.6169242858886719,-5.638622283935547
256,55.501953125,69.5078353881836,0.9925598502159119,0.9999999403953552,0.0,28.35932159423828,14.005882263183594,-27.14263153076172
257,36.41823196411133,63.46925354003906,0.9999849200248718,0.9999998211860657,0.0,52.37871170043945,27.051021575927734,15.960479736328125
258,26.979202270507812,25.351028442382812,-0.7804549932479858,0.999966025352478,5.960464477539063e-08,34.3487663269043,-1.628173828125,7.369564056396484
259,31.653854370117188,44.47940444946289,0.5212171077728271,0.9999890327453613,0.0,46.85995101928711,12.825550079345703,15.206096649169922
260,46.46249771118164,45.98653030395508,0.907565712928772,0.9999969601631165,0.0,37.879356384277344,-0.4759674072265625,-8.583141326904297
261,63.514034271240234,61.03327941894531,-0.9999998211860657,0.9998120069503784,5.632638931274414e-06,43.76862716674805,-2.480754852294922,-19.745407104492188
262,37.91678237915039,51.66324996948242,0.22329287230968475,0.9999996423721313,0.0,40.20634841918945,13.746467590332031,2.2895660400390625
263,46.98662185668945,56.254878997802734,0.9167625308036804,0.9999938011169434,0.0,50.2670783996582,9.268257141113281,3.28045654296875
264,35.761444091796875,39.498844146728516,1.0,0.999937891960144,0.0,35.688514709472656,3.7374000549316406,-0.07292938232421875
265,51.75613784790039,60.640724182128906,-0.9807205200195312,0.9999830722808838,2.9802322387695312e-08,50.70881271362305,8.884586334228516,-1.0473251342773438
266,57.43916702270508,61.25333023071289,1.0,0.999992847442627,0.0,26.994319915771484,3.8141632080078125,-30.444847106933594
267,61.43575668334961,68.57122802734375,0.3997466564178467,0.9999994039535522,0.0,28.883499145507812,7.135471343994141,-32.5522575378418
268,35.121856689453125,33.614192962646484,0.9985949993133545,0.9999991059303284,0.0,29.992557525634766,-1.5076637268066406,-5.129299163818359
269,46.312870025634766,46.41809844970703,0.7142435312271118,0.9999992251396179,0.0,30.08449363708496,0.10522842407226562,-16.228376388549805
270,38.694305419921875,48.50709533691406,0.9959533214569092,0.9999191761016846,8.940696716308594e-08,48.0792350769043,9.812789916992188,9.384929656982422
271,83.4602279663086,93.3428955078125,-0.02234724536538124,0.9999990463256836,0.0,94.59259796142578,9.882667541503906,11.132369995117188
272,55.704017639160156,64.03749084472656,-0.9649539589881897,0.999985933303833,2.9802322387695312e-08,49.06270217895508,8.333473205566406,-6.641315460205078
273,35.57532501220703,43.90644454956055,0.9999383091926575,0.9999682903289795,0.0,39.971614837646484,8.331119537353516,4.396289825439453
274,58.46165084838867,58.020748138427734,0.15554511547088623,0.9999912977218628,0.0,54.16749954223633,-0.4409027099609375,-4.294151306152344
275,85.36676788330078,93.01445770263672,0.9345201253890991,0.9999921321868896,0.0,90.2201919555664,7.6476898193359375,4.853424072265625
276,32.20866394042969,44.45481491088867,0.32474932074546814,0.9999995231628418,0.0,30.39141845703125,12.246150970458984,-1.8172454833984375
277,52.1171875,65.56233215332031,0.5696863532066345,0.9999995231628418,0.0,53.20423889160156,13.445144653320312,1.0870513916015625
278,55.25650405883789,76.55852508544922,-0.87545245885849,0.9998999834060669,4.172325134277344e-07,61.78298568725586,21.302021026611328,6.526481628417969
279,10.561970710754395,27.048891067504883,0.9716624021530151,0.9999943375587463,0.0,10.663153648376465,16.48692035675049,0.10118293762207031
280,50.34553909301758,58.272037506103516,0.9995906352996826,0.9996668100357056,6.258487701416016e-07,42.549171447753906,7.9264984130859375,-7.796367645263672
281,89.6690902709961,95.74687957763672,-0.09729792922735214,0.9999984502792358,0.0,89.64423370361328,6.077789306640625,-0.0248565673828125
282,69.50884246826172,78.6277084350586,0.10187777876853943,0.999998152256012,0.0,53.03321838378906,9.118865966796875,-16.475624084472656
283,54.33974838256836,62.53153610229492,0.9999973773956299,0.9998459219932556,8.940696716308594e-08,57.66996765136719,8.191787719726562,3.330219268798828
284,60.09153366088867,69.49063110351562,0.3412586450576782,0.9999996423721313,0.0,50.01487350463867,9.399097442626953,-10.07666015625
285,68.00362396240234,66.0198745727539,-0.8619435429573059,0.9986035823822021,3.522634506225586e-05,50.342899322509766,-1.9837493896484375,-17.660724639892578
286,48.154911041259766,40.094058990478516,0.9781433939933777,0.9999994039535522,0.0,27.71996307373047,-8.06085205078125,-20.434947967529297
287,92.05231475830078,100.49108123779297,-0.8387939929962158,0.9999971985816956,0.0,84.8804702758789,8.438766479492188,-7.171844482421875
288,52.37285232543945,53.97865676879883,-0.005214226897805929,0.9999903440475464,0.0,25.605714797973633,1.605804443359375,-26.76713752746582
289,46.44084930419922,57.96903991699219,0.32037991285324097,0.9999994039535522,0.0,38.88237762451172,11.528190612792969,-7.5584716796875
290,36.67213821411133,47.21113586425781,0.999999463558197,0.9999985694885254,0.0,19.308013916015625,10.538997650146484,-17.364124298095703
291,42.61199951171875,42.8341178894043,-0.8423858880996704,0.9997200965881348,1.996755599975586e-06,42.82487869262695,0.22211837768554688,0.21287918090820312
292,77.9382553100586,79.69033813476562,-0.4247979521751404,0.9999986290931702,0.0,58.51700210571289,1.7520828247070312,-19.421253204345703
293,25.837350845336914,27.295385360717773,0.9717580676078796,0.9999977946281433,0.0,21.44647216796875,1.4580345153808594,-4.390878677368164
294,83.64045715332031,97.27962493896484,0.8851240277290344,0.9999985694885254,0.0,98.98722076416016,13.639167785644531,15.346763610839844
295,65.69377899169922,64.04430389404297,0.9912575483322144,0.9999995231628418,0.0,62.03386306762695,-1.64947509765625,-3.6599159240722656
296,46.20512390136719,58.56765365600586,0.07301633059978485,0.9999821782112122,2.9802322387695312e-08,52.966697692871094,12.362529754638672,6.761573791503906
297,56.927162170410156,62.291996002197266,0.7467340230941772,0.9999934434890747,0.0,52.70185470581055,5.364833831787109,-4.225307464599609
298,39.98687744140625,37.418331146240234,0.6326821446418762,0.9999986886978149,0.0,26.393959045410156,-2.5685462951660156,-13.592918395996094
299,43.177249908447266,57.66462707519531,0.9999410510063171,0.9999982118606567,0.0,50.96902847290039,14.487377166748047,7.791778564453125
300,41.13576889038086,48.01545333862305,0.9999995827674866,0.9998785257339478,2.9802322387695312e-08,44.74368667602539,6.8796844482421875,3.6079177856445312
301,26.560077667236328,27.201824188232422,0.2838205099105835,0.9999990463256836,0.0,23.949825286865234,0.6417465209960938,-2.6102523803710938
302,50.217735290527344,45.70766830444336,-0.014381489716470242,0.9999916553497314,0.0,49.11984634399414,-4.510066986083984,-1.0978889465332031
303,74.63433074951172,70.89569854736328,0.281394362449646,0.9999988675117493,0.0,64.53238677978516,-3.7386322021484375,-10.101943969726562
304,54.130706787109375,66.89542388916016,0.9455363750457764,0.9999897480010986,0.0,56.03822708129883,12.764717102050781,1.9075202941894531
305,59.36328125,61.9294548034668,1.0,0.999993622303009,0.0,40.92753982543945,2.566173553466797,-18.435741424560547
306,42.94663619995117,44.17972183227539,0.019563518464565277,0.9999992847442627,0.0,47.13010025024414,1.2330856323242188,4.183464050292969
307,46.18307113647461,45.52805709838867,-0.07645681500434875,0.9999717473983765,2.9802322387695312e-08,44.842044830322266,-0.6550140380859375,-1.3410263061523438
308,55.69712448120117,66.42939758300781,-0.09319192916154861,0.9999958276748657,0.0,60.16141891479492,10.73227310180664,4.46429443359375
309,93.8493881225586,91.02350616455078,-0.718621551990509,0.9999976754188538,0.0,78.1902847290039,-2.8258819580078125,-15.659103393554688
310,94.97119903564453,90.3055191040039,-0.9699737429618835,0.9999984502792358,0.0,79.82010650634766,-4.665679931640625,-15.151092529296875
311,61.75894546508789,64.74060821533203,-0.9146738052368164,0.9999994039535522,0.0,62.43586349487305,2.9816627502441406,0.6769180297851562
312,52.07596969604492,60.519649505615234,-0.2914854884147644,0.999998927116394,0.0,43.62251281738281,8.443679809570312,-8.45345687866211
313,25.469120025634766,41.6296501159668,0.8377718925476074,0.999988853931427,0.0,36.2795295715332,16.16053009033203,10.810409545898438
314,55.34053421020508,67.95663452148438,-0.049885984510183334,0.9999997615814209,0.0,54.055931091308594,12.616100311279297,-1.2846031188964844
315,95.9414291381836,87.52802276611328,0.39591163396835327,0.9999455809593201,5.960464477539063e-08,88.55391693115234,-8.413406372070312,-7.38751220703125
316,37.690948486328125,50.16311264038086,0.9771876335144043,0.9999990463256836,0.0,39.46310806274414,12.472164154052734,1.7721595764160156
317,43.48299026489258,45.16782760620117,0.9990500807762146,0.9999994039535522,0.0,28.524574279785156,1.6848373413085938,-14.958415985107422
318,64.37081146240234,61.375858306884766,0.0761822909116745,0.9999998807907104,0.0,54.695762634277344,-2.994953155517578,-9.675048828125
319,54.781742095947266,64.48157501220703,-0.9972222447395325,0.9999904632568359,2.9802322387695312e-08,52.1251220703125,9.699832916259766,-2.6566200256347656
320,48.444034576416016,54.01729965209961,0.9977304339408875,0.999940037727356,5.960464477539063e-08,42.63098907470703,5.573265075683594,-5.813045501708984
321,29.74808120727539,27.75820541381836,0.9983488321304321,0.9999875426292419,0.0,26.960369110107422,-1.9898757934570312,-2.7877120971679688
322,67.05357360839844,66.0711669921875,0.6312891244888306,0.9999933242797852,0.0,60.380958557128906,-0.9824066162109375,-6.672615051269531
323,50.51519012451172,58.54897689819336,-0.4766198992729187,0.9999995231628418,0.0,45.28072738647461,8.03378677368164,-5.234462738037109
324,43.90913772583008,59.05775833129883,0.6202312111854553,0.9999972581863403,0.0,56.22836685180664,15.14862060546875,12.319229125976562
325,39.53071975708008,53.442203521728516,0.533189058303833,0.9999997615814209,0.0,37.39169692993164,13.911483764648438,-2.1390228271484375
326,65.1962890625,71.68599700927734,0.999520480632782,0.9999825954437256,0.0,61.26990509033203,6.489707946777344,-3.9263839721679688
327,47.60929489135742,53.75205612182617,0.40372902154922485,0.999997079372406,0.0,48.022857666015625,6.14276123046875,0.4135627746582031
328,28.751197814941406,28.075332641601562,0.333752304315567,0.9999985694885254,0.0,27.439050674438477,-0.6758651733398438,-1.3121471405029297
329,41.368377685546875,49.09450149536133,0.4343584179878235,0.9999988079071045,0.0,40.16960525512695,7.726123809814453,-1.1987724304199219
330,90.94495391845703,92.53504180908203,0.23377807438373566,0.9999927282333374,0.0,89.1916732788086,1.590087890625,-1.7532806396484375
331,43.830379486083984,41.01504898071289,-0.0023961616680026054,0.9999985694885254,0.0,42.45615005493164,-2.8153305053710938,-1.3742294311523438
332,63.42226028442383,73.94573211669922,-0.8792011737823486,0.9999874234199524,0.0,70.73316955566406,10.52347183227539,7.310909271240234
333,43.594058990478516,50.09605407714844,0.07867729663848877,0.9999922513961792,0.0,45.43138885498047,6.501995086669922,1.8373298645019531
334,28.886573791503906,52.28324508666992,-0.9973965287208557,0.9995545148849487,6.8247318267822266e-06,32.51304626464844,23.396671295166016,3.6264724731445312
335,41.86214828491211,50.00216293334961,0.4219805598258972,0.9999989867210388,0.0,43.06216812133789,8.1400146484375,1.2000198364257812
336,23.305599212646484,45.30624008178711,-0.1393938660621643,0.9999914765357971,0.0,41.19301223754883,22.000640869140625,17.887413024902344
337,92.72211456298828,104.3873062133789,-0.42410629987716675,0.9998416304588318,7.152557373046875e-07,95.79431915283203,11.665191650390625,3.07220458984375
338,39.27531051635742,49.548099517822266,0.9999647736549377,0.999992847442627,0.0,51.463260650634766,10.272789001464844,12.187950134277344
339,45.16962814331055,52.964385986328125,-0.9993950128555298,0.9997951984405518,2.5331974029541016e-06,50.60615921020508,7.794757843017578,5.436531066894531
340,63.90357208251953,64.50289916992188,0.9997363686561584,0.9999991655349731,0.0,42.046844482421875,0.5993270874023438,-21.856727600097656
341,6.407254219055176,13.349900245666504,-0.3613615930080414,0.9999980926513672,0.0,4.693229675292969,6.942646026611328,-1.714024543762207
342,34.152774810791016,33.16328048706055,0.13591007888317108,0.9999983310699463,0.0,30.439105987548828,-0.9894943237304688,-3.7136688232421875
343,64.23070526123047,75.363037109375,-0.31394362449645996,0.9999982118606567,0.0,51.267784118652344,11.132331848144531,-12.962921142578125
344,55.737918853759766,67.5641098022461,0.9999995827674866,0.9999918937683105,0.0,65.44775390625,11.826190948486328,9.709835052490234
345,88.90621185302734,79.1033706665039,0.8098660707473755,0.9999740719795227,2.9802322387695312e-08,67.67040252685547,-9.802841186523438,-21.235809326171875
346,30.9108943939209,37.3733024597168,0.9971981048583984,0.9999979734420776,0.0,26.018095016479492,6.462408065795898,-4.892799377441406
347,45.994873046875,48.05707550048828,0.341653436422348,0.9999940395355225,0.0,41.38509750366211,2.0622024536132812,-4.609775543212891
348,44.04609298706055,41.37990188598633,-0.1955789476633072,0.9999936819076538,0.0,38.33853530883789,-2.6661911010742188,-5.707557678222656
349,55.78272247314453,60.769317626953125,0.9990933537483215,0.999995231628418,0.0,56.084747314453125,4.986595153808594,0.30202484130859375
350,74.83668518066406,77.48062896728516,-0.9882938861846924,0.9999878406524658,2.9802322387695312e-08,76.51293182373047,2.6439437866210938,1.6762466430664062
351,52.94840621948242,69.11783599853516,0.9982514381408691,0.9999668598175049,2.9802322387695312e-08,66.23070526123047,16.169429779052734,13.282299041748047
352,45.61003875732422,56.931034088134766,0.25223684310913086,0.9999932050704956,0.0,53.8033561706543,11.320995330810547,8.193317413330078
353,45.73725128173828,54.43190383911133,-0.48889490962028503,0.9999704360961914,2.9802322387695312e-08,54.54411315917969,8.694652557373047,8.806861877441406
354,58.767398834228516,69.1743392944336,0.27041521668434143,0.9999946355819702,0.0,63.74687957763672,10.406940460205078,4.979480743408203
355,78.83197021484375,84.67301940917969,0.9626447558403015,0.9999901652336121,0.0,82.32996368408203,5.8410491943359375,3.4979934692382812
356,29.758623123168945,49.415977478027344,0.998846173286438,0.9999343156814575,5.960464477539063e-08,40.74126434326172,19.6573543548584,10.982641220092773
357,44.84821319580078,52.5257568359375,0.9999440312385559,0.9999995231628418,0.0,26.082809448242188,7.677543640136719,-18.765403747558594
358,54.2816276550293,68.08757781982422,-0.44450730085372925,0.9999925494194031,0.0,59.74017333984375,13.805950164794922,5.458545684814453
359,89.7107925415039,101.99982452392578,-0.6289722919464111,0.9998912215232849,3.5762786865234375e-07,90.60002899169922,12.289031982421875,0.8892364501953125
360,92.88394165039062,103.43244171142578,0.9999090433120728,0.9999544024467468,2.9802322387695312e-08,100.91283416748047,10.548500061035156,8.028892517089844
361,34.79877853393555,41.17459487915039,0.9999808669090271,0.9999992847442627,0.0,24.386211395263672,6.375816345214844,-10.412567138671875
362,49.25859451293945,54.35053253173828,-0.6169689893722534,0.9999749660491943,2.9802322387695312e-08,51.74131774902344,5.091938018798828,2.4827232360839844
363,59.33378982543945,72.13257598876953,1.0,0.9999921321868896,0.0,43.4252815246582,12.798786163330078,-15.90850830078125
364,67.13825225830078,77.03740692138672,-0.17922821640968323,0.9999942779541016,0.0,73.69276428222656,9.899154663085938,6.554512023925781
365,34.56017303466797,43.08637619018555,0.9994171857833862,0.9999988079071045,0.0,36.01247024536133,8.526203155517578,1.4522972106933594
366,72.657958984375,86.4922866821289,0.9980608820915222,0.9999991655349731,0.0,65.2354507446289,13.834327697753906,-7.422508239746094
367,50.13340759277344,62.50917434692383,-0.32403650879859924,0.9999936819076538,0.0,50.50290298461914,12.37576675415039,0.3694953918457031
368,50.669918060302734,60.630985260009766,0.9999918341636658,0.9984753131866455,5.632638931274414e-06,53.5445671081543,9.961067199707031,2.8746490478515625
369,54.4894905090332,57.4761848449707,0.9976255893707275,0.9999996423721313,0.0,48.915950775146484,2.9866943359375,-5.573539733886719
370,70.2700424194336,87.54165649414062,-0.45437678694725037,0.9999982118606567,0.0,78.36787414550781,17.27161407470703,8.097831726074219
371,53.7829704284668,70.33484649658203,0.7942994832992554,0.9999915361404419,0.0,64.83904266357422,16.551876068115234,11.056072235107422
372,83.75901794433594,89.87147521972656,-0.07014042139053345,0.9999996423721313,0.0,87.57296752929688,6.112457275390625,3.8139495849609375
373,38.813392639160156,52.87807846069336,0.9962878227233887,0.9997478127479553,6.258487701416016e-07,46.742706298828125,14.064685821533203,7.929313659667969
374,42.91145324707031,38.01982498168945,0.11021994054317474,0.9999963641166687,0.0,40.493125915527344,-4.891628265380859,-2.4183273315429688
375,59.91452407836914,60.469642639160156,0.9973971247673035,0.999994158744812,0.0,56.583595275878906,0.5551185607910156,-3.3309288024902344
376,37.40505599975586,50.77950668334961,0.7151023149490356,0.9999996423721313,0.0,29.141225814819336,13.37445068359375,-8.263830184936523
377,22.08975601196289,25.928112030029297,0.051680807024240494,0.9999986886978149,0.0,27.772377014160156,3.8383560180664062,5.682621002197266
378,81.7824478149414,90.76819610595703,0.9999560713768005,0.9999983310699463,0.0,71.70745849609375,8.985748291015625,-10.074989318847656
379,73.39440155029297,76.60440826416016,-0.149619922041893,0.9999992847442627,0.0,55.140602111816406,3.2100067138671875,-18.253799438476562
380,26.508695602416992,38.361202239990234,0.7028087377548218,0.9999863505363464,0.0,41.763065338134766,11.852506637573242,15.254369735717773
381,58.42116165161133,54.32631301879883,-0.15897944569587708,0.9999992251396179,0.0,52.720523834228516,-4.0948486328125,-5.7006378173828125
382,65.69097137451172,58.877174377441406,0.5178362727165222,0.9999988675117493,0.0,48.116519927978516,-6.8137969970703125,-17.574451446533203
383,52.17266082763672,65.18457794189453,0.05594124644994736,0.9999816417694092,2.9802322387695312e-08,44.870967864990234,13.011917114257812,-7.301692962646484
384,74.37690734863281,85.46746063232422,-0.9945541620254517,0.9999613761901855,1.4901161193847656e-07,69.42688751220703,11.090553283691406,-4.950019836425781
385,73.16800689697266,87.92571258544922,-0.9984981417655945,0.999994158744812,0.0,88.72899627685547,14.757705688476562,15.560989379882812
386,71.17655944824219,82.30392456054688,-0.4091792404651642,0.9999986886978149,0.0,67.42976379394531,11.127365112304688,-3.746795654296875
387,84.9760513305664,81.0346908569336,-0.32259342074394226,0.9999995827674866,0.0,73.7852783203125,-3.9413604736328125,-11.190773010253906
388,56.503238677978516,64.05535125732422,0.9993788599967957,0.9999881386756897,0.0,55.59319305419922,7.552112579345703,-0.9100456237792969
389,36.23797607421875,46.29195022583008,0.7010449171066284,0.999999463558197,0.0,41.453529357910156,10.053974151611328,5.215553283691406
390,65.17243194580078,76.59098815917969,0.9001320004463196,0.9999995231628418,0.0,43.094783782958984,11.418556213378906,-22.077648162841797
391,36.46467590332031,37.366268157958984,0.7599566578865051,0.9999972581863403,0.0,27.474592208862305,0.9015922546386719,-8.990083694458008
392,41.42827224731445,61.70529556274414,0.958928644657135,0.9999978542327881,0.0,55.55580520629883,20.277023315429688,14.127532958984375
393,77.72926330566406,82.33794403076172,0.8679654002189636,0.9999943375587463,0.0,74.34078216552734,4.608680725097656,-3.3884811401367188
394,69.0586929321289,54.97837448120117,-0.9748008847236633,0.9983113408088684,5.155801773071289e-05,56.82789993286133,-14.080318450927734,-12.230792999267578
395,26.844730377197266,31.31096076965332,0.8642474412918091,0.9999916553497314,0.0,19.56873321533203,4.466230392456055,-7.275997161865234
396,50.16164779663086,66.80180358886719,-0.9832890629768372,0.998611330986023,4.756450653076172e-05,67.07548522949219,16.640155792236328,16.913837432861328
397,47.82235336303711,59.152854919433594,-0.11255452781915665,0.9999940395355225,0.0,50.200592041015625,11.330501556396484,2.3782386779785156
398,37.59726333618164,39.72397994995117,-0.6884437799453735,0.9999949932098389,0.0,31.955421447753906,2.1267166137695312,-5.641841888427734
399,65.06561279296875,79.08219146728516,-0.16634601354599,0.9999989867210388,0.0,69.81998443603516,14.016578674316406,4.754371643066406
400,43.59647750854492,68.9933853149414,0.9997658729553223,0.9999998807907104,0.0,52.39746856689453,25.396907806396484,8.80099105834961
401,45.30044937133789,57.05801010131836,0.9698599576950073,0.9999575614929199,2.9802322387695312e-08,42.36007308959961,11.757560729980469,-2.9403762817382812
402,47.6013298034668,42.98667907714844,-0.05821866914629936,0.999997615814209,0.0,36.212886810302734,-4.614650726318359,-11.388442993164062
403,11.485472679138184,16.951061248779297,0.9999985098838806,0.9999973773956299,0.0,-6.001439094543457,5.465588569641113,-17.48691177368164
404,55.41046142578125,54.19498062133789,0.9285638332366943,0.9999942779541016,0.0,34.89284133911133,-1.2154808044433594,-20.517620086669922
405,31.95539093017578,45.53575134277344,1.0,0.999640703201294,1.1920928955078125e-07,40.538509368896484,13.580360412597656,8.583118438720703
406,36.776676177978516,47.3886604309082,-0.14158794283866882,0.9992930889129639,6.854534149169922e-06,50.05464553833008,10.611984252929688,13.277969360351562
407,59.651397705078125,58.3470458984375,1.0,0.9999967217445374,0.0,29.939178466796875,-1.304351806640625,-29.71221923828125
408,45.30172348022461,55.033573150634766,0.995549201965332,0.9998452067375183,2.682209014892578e-07,49.11469268798828,9.731849670410156,3.812969207763672
409,26.54494285583496,28.598663330078125,1.0,0.9999973773956299,0.0,24.905868530273438,2.053720474243164,-1.6390743255615234
410,46.72822189331055,56.55602264404297,0.8572506904602051,0.9999994039535522,0.0,42.95719528198242,9.827800750732422,-3.771026611328125
411,21.535533905029297,11.450235366821289,1.0,0.9999866485595703,0.0,11.365398406982422,-10.085298538208008,-10.170135498046875
412,78.86612701416016,78.57530975341797,-0.47156429290771484,0.999999463558197,0.0,66.74600219726562,-0.2908172607421875,-12.120124816894531
413,46.293888092041016,48.85927200317383,-0.9998093843460083,0.9979668855667114,0.00017914175987243652,36.992549896240234,2.5653839111328125,-9.301338195800781
414,69.12535858154297,81.56043243408203,-0.41912946105003357,0.9999978542327881,0.0,79.00311279296875,12.435073852539062,9.877754211425781
415,43.912052154541016,63.40764236450195,-1.0,0.9942132234573364,0.00811651349067688,40.288177490234375,19.495590209960938,-3.6238746643066406
416,35.46577453613281,51.48689270019531,0.7344347834587097,0.9999988079071045,0.0,38.34214401245117,16.0211181640625,2.8763694763183594
417,34.964359283447266,45.47831726074219,0.2378157526254654,0.9999988675117493,0.0,27.289180755615234,10.513957977294922,-7.675178527832031
418,24.838993072509766,19.801586151123047,-0.1302674263715744,0.9999973773956299,0.0,25.76396942138672,-5.037406921386719,0.9249763488769531
419,49.33181381225586,61.44381332397461,-0.0788826048374176,0.9999939203262329,0.0,36.65010452270508,12.11199951171875,-12.681709289550781
420,55.39529037475586,66.06791687011719,0.6512957811355591,0.9999977350234985,0.0,61.4205436706543,10.672626495361328,6.0252532958984375
421,4.296321868896484,-6.578483581542969,1.0,0.9999713897705078,0.0,-8.858468055725098,-10.874805450439453,-13.154789924621582
422,52.381134033203125,61.24296188354492,0.9896025657653809,0.9999992847442627,0.0,49.7352180480957,8.861827850341797,-2.645915985107422
423,51.02103042602539,55.209957122802734,-0.8319275975227356,0.9999828338623047,2.9802322387695312e-08,46.360633850097656,4.188926696777344,-4.660396575927734
424,31.154582977294922,37.36860275268555,0.999903678894043,0.9999992251396179,0.0,24.233625411987305,6.214019775390625,-6.920957565307617
425,70.84431457519531,82.33877563476562,0.9997771382331848,0.9999998211860657,0.0,59.43381118774414,11.494461059570312,-11.410503387451172
426,53.20244216918945,60.382240295410156,-0.3572312593460083,0.999997615814209,0.0,50.4040641784668,7.179798126220703,-2.7983779907226562
427,43.162803649902344,51.5122184753418,0.28418344259262085,0.9999686479568481,2.9802322387695312e-08,46.08860397338867,8.349414825439453,2.925800323486328
428,43.548343658447266,45.827335357666016,0.9815230369567871,0.9995490312576294,1.8477439880371094e-06,48.53574752807617,2.27899169921875,4.987403869628906
429,39.46133041381836,49.725746154785156,0.9907477498054504,0.9993641376495361,2.6226043701171875e-06,47.537776947021484,10.264415740966797,8.076446533203125
430,72.883544921875,85.44306182861328,-1.0,0.9998010396957397,1.895427703857422e-05,64.03050231933594,12.559516906738281,-8.853042602539062
431,40.04153823852539,45.437923431396484,0.805038332939148,0.9998605251312256,3.2782554626464844e-07,43.0635986328125,5.396385192871094,3.0220603942871094
432,51.08347702026367,47.99354553222656,-0.03085476905107498,0.9999980926513672,0.0,40.8277473449707,-3.0899314880371094,-10.255729675292969
433,42.45810317993164,49.09260177612305,0.976746678352356,0.9998627305030823,2.682209014892578e-07,41.46025466918945,6.634498596191406,-0.9978485107421875
434,43.296817779541016,35.98719787597656,0.35510963201522827,0.9999960660934448,0.0,33.21347427368164,-7.309619903564453,-10.083343505859375
435,46.891387939453125,41.077064514160156,0.9423916339874268,0.9999995231628418,0.0,36.94517135620117,-5.814323425292969,-9.946216583251953
436,50.07546615600586,65.93152618408203,1.0,0.9999816417694092,0.0,66.2529067993164,15.856060028076172,16.177440643310547
437,68.16840362548828,69.12262725830078,0.9999514222145081,0.9987581968307495,4.172325134277344e-06,71.27228546142578,0.9542236328125,3.1038818359375
438,73.3965835571289,93.97171783447266,-0.7994435429573059,0.9999881982803345,0.0,78.4842758178711,20.57513427734375,5.0876922607421875
439,23.002639770507812,29.32990074157715,0.8171635866165161,0.9999995827674866,0.0,7.630247116088867,6.327260971069336,-15.372392654418945
440,38.28401184082031,44.172584533691406,-0.436475545167923,0.9999780654907227,2.9802322387695312e-08,39.72047424316406,5.888572692871094,1.43646240234375
441,32.79436111450195,29.89455223083496,0.7552650570869446,0.999998927116394,0.0,12.01330280303955,-2.899808883666992,-20.781058311462402
442,35.918941497802734,50.32447052001953,0.9917844533920288,0.9999833106994629,0.0,47.75383758544922,14.405529022216797,11.834896087646484
443,54.12912368774414,75.34502410888672,0.5519057512283325,0.9999997615814209,0.0,70.70403289794922,21.215900421142578,16.574909210205078
444,52.588966369628906,62.0390739440918,0.9999851584434509,0.9999974966049194,0.0,30.127872467041016,9.45010757446289,-22.46109390258789
445,41.51520538330078,45.8350944519043,0.8567256927490234,0.999953031539917,5.960464477539063e-08,41.0364875793457,4.319889068603516,-0.4787178039550781
446,52.804534912109375,61.07498550415039,-0.03959719464182854,0.9999967813491821,0.0,51.99094772338867,8.270450592041016,-0.8135871887207031
447,56.184837341308594,64.39746856689453,0.46936535835266113,0.9999997615814209,0.0,41.93068313598633,8.212631225585938,-14.254154205322266
448,81.68785858154297,85.53275299072266,-0.06833527237176895,0.9999990463256836,0.0,87.56063079833984,3.8448944091796875,5.872772216796875
449,82.76253509521484,84.48363494873047,0.9900742769241333,0.9999513626098633,2.9802322387695312e-08,75.54143524169922,1.721099853515625,-7.221099853515625
450,29.541160583496094,29.521717071533203,0.6967129111289978,0.9985618591308594,1.8537044525146484e-05,32.27802276611328,-0.019443511962890625,2.7368621826171875
451,37.025142669677734,63.87858581542969,0.99933922290802,0.9999998807907104,0.0,43.31722640991211,26.853443145751953,6.292083740234375
452,54.243003845214844,72.45471954345703,-0.964248538017273,0.9999877214431763,2.9802322387695312e-08,55.9919319152832,18.211715698242188,1.7489280700683594
453,26.218564987182617,29.875083923339844,0.9995340704917908,0.9994610548019409,1.1920928955078125e-06,31.41995620727539,3.6565189361572266,5.201391220092773
454,15.08245849609375,14.309975624084473,0.8984261751174927,0.9999984502792358,0.0,9.525487899780273,-0.7724828720092773,-5.556970596313477
455,37.38318634033203,65.37653350830078,-0.714759111404419,0.9999982118606567,0.0,24.68651580810547,27.99334716796875,-12.696670532226562
456,49.35602951049805,52.88208770751953,0.8873894810676575,0.9999936819076538,0.0,49.556640625,3.5260581970214844,0.20061111450195312
457,94.2944564819336,91.09302520751953,-0.3571752607822418,0.9999756813049316,2.9802322387695312e-08,68.35725402832031,-3.2014312744140625,-25.93720245361328
458,40.3304443359375,51.511741638183594,0.6892704963684082,0.9999995827674866,0.0,33.37135696411133,11.181297302246094,-6.959087371826172
459,56.337364196777344,60.12836837768555,0.3288273811340332,0.9999845027923584,0.0,63.478389739990234,3.791004180908203,7.141025543212891
460,47.09587860107422,56.58096694946289,0.9728871583938599,0.9997250437736511,7.748603820800781e-07,51.58627700805664,9.485088348388672,4.490398406982422
461,46.73029708862305,48.411251068115234,0.9998937249183655,0.9999995231628418,0.0,28.252782821655273,1.6809539794921875,-18.477514266967773
462,48.84038162231445,51.786251068115234,0.37499094009399414,0.9999985694885254,0.0,46.95307540893555,2.9458694458007812,-1.8873062133789062
463,70.30413818359375,74.62555694580078,0.16912135481834412,0.9998071193695068,7.450580596923828e-07,67.56265258789062,4.321418762207031,-2.741485595703125
464,62.5289306640625,60.353946685791016,0.5852860808372498,0.9999994039535522,0.0,40.07987594604492,-2.1749839782714844,-22.449054718017578
465,26.755054473876953,36.79414749145508,-0.9992112517356873,0.9996851682662964,4.947185516357422e-06,32.50728225708008,10.039093017578125,5.752227783203125
466,27.026033401489258,29.506576538085938,0.4148959815502167,0.9999890327453613,0.0,34.264427185058594,2.4805431365966797,7.238393783569336
467,28.087154388427734,40.81388473510742,0.9999960064888,0.99998939037323,0.0,16.493980407714844,12.726730346679688,-11.59317398071289
468,53.10845947265625,56.92117691040039,-0.5282923579216003,0.9999973773956299,0.0,54.70432662963867,3.8127174377441406,1.5958671569824219
469,88.26922607421875,89.83917999267578,-0.04720887914299965,0.9999995231628418,0.0,85.14258575439453,1.5699539184570312,-3.1266403198242188
470,57.81155014038086,55.052955627441406,0.9871280193328857,0.999713659286499,7.450580596923828e-07,46.064266204833984,-2.758594512939453,-11.747283935546875
471,65.31951141357422,63.46836471557617,0.9879464507102966,0.9999037384986877,1.1920928955078125e-07,65.68328094482422,-1.8511466979980469,0.36376953125
472,23.644241333007812,30.714210510253906,0.9983315467834473,0.9994950294494629,1.2814998626708984e-06,29.112476348876953,7.069969177246094,5.468235015869141
473,40.314205169677734,54.715702056884766,0.5867198705673218,0.9999997615814209,0.0,39.81671905517578,14.401496887207031,-0.4974861145019531
474,46.98891830444336,51.120513916015625,0.20786221325397491,0.9999998807907104,0.0,35.52717208862305,4.131595611572266,-11.461746215820312
475,91.02547454833984,90.40959930419922,-0.11409647762775421,0.9999986886978149,0.0,84.12262725830078,-0.615875244140625,-6.9028472900390625
476,81.08897399902344,85.99256134033203,0.09483635425567627,0.9999990463256836,0.0,78.43590545654297,4.903587341308594,-2.6530685424804688
477,72.4085464477539,70.17665100097656,0.9797382950782776,0.9999722838401794,2.9802322387695312e-08,66.5257797241211,-2.2318954467773438,-5.8827667236328125
478,77.18101501464844,81.58800506591797,-0.984595775604248,0.9999978542327881,0.0,81.09383392333984,4.406990051269531,3.9128189086914062
479,51.97391128540039,60.13013458251953,0.90610671043396,0.9999992847442627,0.0,45.16560745239258,8.15622329711914,-6.8083038330078125
480,35.3002815246582,54.739044189453125,0.854886531829834,0.9999961853027344,0.0,50.42607116699219,19.438762664794922,15.125789642333984
481,51.37980651855469,65.02690887451172,0.9967442750930786,0.9999897480010986,0.0,51.4670524597168,13.647102355957031,0.08724594116210938
482,43.76546859741211,51.07780456542969,0.36837127804756165,0.9999992251396179,0.0,48.664676666259766,7.312335968017578,4.899208068847656
483,40.04887008666992,53.58803939819336,0.08437264710664749,0.9999879598617554,0.0,45.748626708984375,13.539169311523438,5.699756622314453
484,40.58053970336914,47.14707565307617,0.9999334812164307,0.9999973773956299,0.0,42.75071334838867,6.566535949707031,2.1701736450195312
485,51.55656051635742,65.25062561035156,-0.9983024597167969,0.9999892115592957,2.9802322387695312e-08,59.93549728393555,13.69406509399414,8.378936767578125
486,50.58263397216797,54.692405700683594,0.1432439684867859,0.9999995231628418,0.0,47.75260543823242,4.109771728515625,-2.830028533935547
487,52.33491897583008,63.02898406982422,-0.066114142537117,0.9969640374183655,8.89897346496582e-05,46.98520278930664,10.69406509399414,-5.3497161865234375
488,45.2381706237793,41.0211067199707,0.9999997019767761,0.9999765753746033,0.0,23.65085792541504,-4.217063903808594,-21.587312698364258
489,73.9011001586914,76.78170013427734,0.24265006184577942,0.9999990463256836,0.0,68.58607482910156,2.8805999755859375,-5.315025329589844
490,76.9638900756836,76.52152252197266,0.05900420621037483,0.9999966025352478,0.0,68.3782730102539,-0.4423675537109375,-8.585617065429688
491,68.68331146240234,72.81218719482422,0.999660849571228,0.9999983310699463,0.0,58.88837814331055,4.128875732421875,-9.794933319091797
492,76.64801025390625,76.1388931274414,0.05456259474158287,0.9999997615814209,0.0,69.97534942626953,-0.5091171264648438,-6.672660827636719
493,57.728172302246094,53.86289978027344,-0.5768163800239563,0.9999926090240479,0.0,51.59280014038086,-3.8652725219726562,-6.135372161865234
494,77.94815826416016,88.68549346923828,0.12008552253246307,0.9999978542327881,0.0,94.0509033203125,10.737335205078125,16.102745056152344
495,52.23823928833008,66.69696807861328,0.6642394661903381,0.9999923706054688,0.0,56.14950942993164,14.458728790283203,3.9112701416015625
496,48.728294372558594,54.67277145385742,0.9466568827629089,0.9999960660934448,0.0,40.408870697021484,5.944477081298828,-8.31942367553711
497,40.0648078918457,43.935279846191406,0.9288291931152344,0.9999991059303284,0.0,30.92460060119629,3.870471954345703,-9.140207290649414
498,65.336669921875,67.81841278076172,0.9649972319602966,0.9999990463256836,0.0,57.0744514465332,2.4817428588867188,-8.262218475341797
499,40.503883361816406,52.69868087768555,0.9991304874420166,0.9999899864196777,0.0,35.54116439819336,12.19479751586914,-4.962718963623047
500,48.62997817993164,63.31376266479492,0.9081502556800842,0.9999763369560242,2.9802322387695312e-08,56.95479202270508,14.683784484863281,8.324813842773438
501,67.97147369384766,77.75627899169922,-1.0,0.9998612403869629,7.599592208862305e-06,56.60073471069336,9.784805297851562,-11.370738983154297
502,79.90318298339844,80.26073455810547,-0.14976926147937775,0.9999991655349731,0.0,59.33848190307617,0.35755157470703125,-20.564701080322266
503,42.446773529052734,57.83141326904297,0.9994436502456665,0.9999997615814209,0.0,33.69253158569336,15.384639739990234,-8.754241943359375
504,52.16338348388672,49.739810943603516,-0.9595394134521484,0.9941577315330505,0.00037929415702819824,48.053802490234375,-2.423572540283203,-4.109580993652344
505,29.180641174316406,57.45571517944336,0.8987188935279846,0.9999998807907104,0.0,40.1839714050293,28.275074005126953,11.00333023071289
506,64.31002807617188,73.5792465209961,0.9963395595550537,0.9999988079071045,0.0,57.056236267089844,9.269218444824219,-7.253791809082031
507,73.62764739990234,80.8377914428711,0.19988217949867249,0.9999997615814209,0.0,69.86701965332031,7.21014404296875,-3.7606277465820312
508,24.354223251342773,26.08437728881836,0.9124743938446045,0.9999994039535522,0.0,29.663602828979492,1.730154037475586,5.309379577636719
509,70.08887481689453,76.2982406616211,0.16605235636234283,0.9999985694885254,0.0,60.1902961730957,6.2093658447265625,-9.898578643798828
510,69.6844711303711,69.93405151367188,0.8450772166252136,0.999998927116394,0.0,42.01945114135742,0.24958038330078125,-27.665019989013672
511,56.43037796020508,45.75936508178711,0.7891302108764648,0.9999992251396179,0.0,43.35637664794922,-10.671012878417969,-13.07400131225586
