rollout_id,source_file,source_t,horizon,discounted_return,undiscounted_return,mean_reward,max_reward,min_reward,steer_mean,gas_mean,brake_mean,steer_abs_gt_09_frac,gas_gt_095_frac,brake_lt_005_frac
0,data/latent/train/1781996110973_random_00001.npz,637,300,43.00090408325195,120.03465270996094,0.4001155197620392,1.574216365814209,-0.10855889320373535,0.0788884311914444,0.9999998807907104,3.665685710529942e-08,0.06333333253860474,1.0,1.0
1,data/latent/train/1781995855626_heuristic_00029.npz,270,300,28.116287231445312,90.27589416503906,0.30091968178749084,1.0301856994628906,-0.05262637510895729,0.2010243982076645,0.9999969601631165,5.668401854563854e-07,0.05666666850447655,1.0,1.0
2,data/latent/train/1781995624027_heuristic_00004.npz,41,300,57.605445861816406,125.52571105957031,0.4184190034866333,1.1601006984710693,-0.045569900423288345,0.06408688426017761,0.9999998807907104,4.7783057510741855e-08,0.03333333507180214,1.0,1.0
3,data/latent/train/1781975583574_heuristic_00004.npz,17,300,60.473785400390625,139.4024200439453,0.4646747410297394,1.1499574184417725,-0.036893729120492935,0.08896903693675995,1.0,4.3511391822903533e-08,0.036666665226221085,1.0,1.0
4,data/latent/train/1781975694262_heuristic_00016.npz,813,300,19.25410270690918,70.86344909667969,0.23621152341365814,1.0591204166412354,-0.11914372444152832,0.1761959195137024,0.9999332427978516,4.013379495404479e-08,0.1433333307504654,1.0,1.0
5,data/latent/train/1781996010272_heuristic_00046.npz,912,300,29.960525512695312,100.56668090820312,0.3352222442626953,1.0364887714385986,-0.10029363632202148,0.11129499971866608,0.9999998211860657,6.973743182925318e-08,0.05666666850447655,1.0,1.0
6,data/latent/train/1781995845712_heuristic_00028.npz,607,300,16.50467300415039,79.36236572265625,0.2645412087440491,1.1360690593719482,-0.08890271186828613,0.10449513047933578,0.9999991655349731,7.36117371502587e-08,0.07000000029802322,1.0,1.0
7,data/latent/train/1781996238438_random_00016.npz,729,300,42.75360107421875,113.87648010253906,0.3795882761478424,0.9355964660644531,-0.11682653427124023,0.10360518097877502,0.9999998211860657,2.174576110292037e-07,0.009999999776482582,1.0,1.0
8,data/latent/train/1781995991387_heuristic_00044.npz,544,300,6.924201965332031,121.25756072998047,0.40419188141822815,2.0058114528656006,-0.11403512954711914,0.07653448730707169,0.999985933303833,3.6060811225979705e-08,0.10333333164453506,1.0,1.0
9,data/latent/train/1781995911953_heuristic_00035.npz,935,300,14.102537155151367,75.77803039550781,0.25259342789649963,1.0875096321105957,-0.07971835136413574,0.13328634202480316,0.9999919533729553,1.45932034456564e-07,0.023333333432674408,1.0,1.0
10,data/latent/train/1781995586132_heuristic_00000.npz,816,300,-9.152090072631836,-14.167673110961914,-0.04722557216882706,0.669621467590332,-0.11677348613739014,-0.004846356809139252,0.9999983906745911,1.312792278440611e-06,0.03333333507180214,1.0,1.0
11,data/latent/train/1781996037878_heuristic_00049.npz,3,300,73.5352554321289,260.1332092285156,0.8671107888221741,3.455350399017334,-0.11608994007110596,0.12879666686058044,0.9999427199363708,5.005796879231639e-07,0.06333333253860474,1.0,1.0
12,data/latent/train/1781995715968_heuristic_00014.npz,857,300,49.5483283996582,138.4925994873047,0.4616420567035675,1.0507562160491943,-0.07026231288909912,0.17327311635017395,0.9999467730522156,3.467003395485335e-08,0.15000000596046448,1.0,1.0
13,data/latent/train/1781995902344_heuristic_00034.npz,34,300,98.16747283935547,230.88250732421875,0.7696082592010498,1.791029691696167,-0.1082085371017456,-0.10767204314470291,1.0,3.556410632654661e-08,0.1066666692495346,1.0,1.0
14,data/latent/train/1781996070175_forward_00010.npz,133,300,48.17838668823242,126.30583953857422,0.42101937532424927,1.0958621501922607,-0.0679553747177124,0.06976260244846344,1.0,2.0265579436795633e-08,0.06333333253860474,1.0,1.0
15,data/latent/train/1781996102422_random_00000.npz,176,300,26.931119918823242,70.4598388671875,0.23486612737178802,0.8376479148864746,-0.08686172962188721,0.11206081509590149,0.9999998807907104,2.9206276508375595e-08,0.036666665226221085,1.0,1.0
16,data/latent/train/1781975601594_heuristic_00006.npz,863,300,-1.5841045379638672,-18.888723373413086,-0.06296240538358688,0.34149372577667236,-0.11862719058990479,0.23063334822654724,0.9987916350364685,4.914184319204651e-05,0.01666666753590107,1.0,1.0
17,data/latent/train/1781972413766_00002.npz,541,300,42.3630256652832,111.11238098144531,0.3703745901584625,1.408761978149414,-0.10619628429412842,0.029192205518484116,1.0,7.619460262731081e-08,0.046666666865348816,1.0,1.0
18,data/latent/train/1781975583574_heuristic_00004.npz,300,300,15.202118873596191,123.5710220336914,0.411903440952301,1.2032792568206787,-0.11778724193572998,0.035939838737249374,1.0,8.543332263855064e-09,0.03999999910593033,1.0,1.0
19,data/latent/train/1781995818312_heuristic_00025.npz,423,300,29.242265701293945,147.08135986328125,0.4902711510658264,2.6584227085113525,-0.10845696926116943,0.016544152051210403,0.9999487400054932,5.106131339971398e-08,0.10333333164453506,1.0,1.0
20,data/latent/train/1781995734609_heuristic_00016.npz,29,300,49.68659973144531,114.67218017578125,0.3822406530380249,0.9678419232368469,-0.04411185160279274,0.06030509993433952,1.0,6.635983851310812e-08,0.046666666865348816,1.0,1.0
21,data/latent/train/1781972395073_00000.npz,125,300,47.925941467285156,107.00839233398438,0.3566945791244507,1.4197092056274414,-0.11691737174987793,0.1042712926864624,0.9999998211860657,1.6699235061423678e-07,0.02666666731238365,1.0,1.0
22,data/latent/train/1781972404588_00001.npz,670,300,24.87131118774414,66.06690979003906,0.22022303938865662,0.889350175857544,-0.09297418594360352,0.08241122215986252,0.9999998807907104,1.867612198225288e-08,0.04333333298563957,1.0,1.0
23,data/latent/train/1781995874538_heuristic_00031.npz,647,300,52.4752082824707,127.75141143798828,0.42583802342414856,1.2315902709960938,-0.10724318027496338,0.11896593868732452,0.9999998211860657,1.99079508433897e-07,0.07999999821186066,1.0,1.0
24,data/latent/train/1781975785803_heuristic_00026.npz,615,300,26.47642707824707,87.86103057861328,0.29287007451057434,1.0526454448699951,-0.10458850860595703,0.09596891701221466,0.9999998211860657,6.899237519064627e-07,0.0833333358168602,1.0,1.0
25,data/latent/train/1781996070175_forward_00010.npz,70,300,42.92195129394531,112.56929016113281,0.37523090839385986,1.3425710201263428,-0.11243212223052979,0.12305601686239243,0.9999998807907104,6.506840577458206e-08,0.03333333507180214,1.0,1.0
26,data/latent/train/1781995799509_heuristic_00023.npz,997,300,14.328096389770508,83.6075668334961,0.2786918878555298,1.1679680347442627,-0.11414670944213867,0.07048230618238449,0.9999997019767761,1.7682710407029845e-08,0.0833333358168602,1.0,1.0
27,data/latent/train/1781996081424_forward_00015.npz,334,300,3.93196964263916,61.41799545288086,0.20472665131092072,1.5989832878112793,-0.1190258264541626,0.34577676653862,0.9999935626983643,5.195538221869356e-08,0.2933333218097687,1.0,1.0
28,data/latent/train/1781995707003_heuristic_00013.npz,685,300,-5.599666595458984,16.133298873901367,0.05377765744924545,1.3345890045166016,-0.11890685558319092,0.33616307377815247,0.9999984502792358,3.256400304962881e-07,0.17666666209697723,1.0,1.0
29,data/latent/train/1781996213057_random_00013.npz,650,300,31.706615447998047,83.48443603515625,0.27828145027160645,0.9490812420845032,-0.10035145282745361,0.05512522533535957,0.9999998807907104,1.639127766850379e-08,0.07333333045244217,1.0,1.0
30,data/latent/train/1781996102422_random_00000.npz,688,300,51.59099578857422,89.05200958251953,0.29684004187583923,1.7236032485961914,-0.11188244819641113,0.3479252755641937,0.999962568283081,1.4251470474846428e-06,0.13333334028720856,1.0,1.0
31,data/latent/train/1781996055450_forward_00003.npz,92,300,8.909494400024414,56.6092643737793,0.18869753181934357,0.6446130275726318,-0.11175143718719482,0.09746911376714706,0.9999998807907104,2.2649764730431343e-08,0.05000000074505806,1.0,1.0
32,data/latent/train/1781996136517_random_00004.npz,161,300,30.57432746887207,93.01303100585938,0.31004342436790466,1.051438570022583,-0.08229982852935791,0.08528489619493484,0.9999998807907104,3.119309610610799e-08,0.06666667014360428,1.0,1.0
33,data/latent/train/1781996119373_random_00002.npz,572,300,47.30921173095703,135.89967346191406,0.45299890637397766,1.8132619857788086,-0.09635376930236816,0.03742438554763794,0.9999998211860657,6.119410045357654e-08,0.0533333346247673,1.0,1.0
34,data/latent/train/1781995753128_heuristic_00018.npz,377,300,11.592306137084961,66.24026489257812,0.22080087661743164,1.2862954139709473,-0.11612868309020996,0.23438763618469238,0.9999026656150818,4.887580828949467e-08,0.1433333307504654,1.0,1.0
35,data/latent/train/1781995595407_heuristic_00001.npz,323,300,23.62889862060547,150.7246856689453,0.5024155974388123,1.6492767333984375,-0.10636162757873535,0.02916005440056324,0.9999998211860657,1.599391374895731e-08,0.02666666731238365,1.0,1.0
36,data/latent/train/1781996019435_heuristic_00047.npz,686,300,0.681323230266571,40.595890045166016,0.13531965017318726,1.1396925449371338,-0.11463463306427002,0.09510008245706558,0.9999995827674866,2.715985090162576e-07,0.029999999329447746,1.0,1.0
37,data/latent/train/1781995678845_heuristic_00010.npz,972,300,36.254295349121094,107.32281494140625,0.35774269700050354,1.1647732257843018,-0.11303496360778809,0.17361637949943542,0.9999957084655762,3.001093773491448e-07,0.03333333507180214,1.0,1.0
38,data/latent/train/1781996078705_forward_00014.npz,240,300,8.513518333435059,37.5023193359375,0.1250077188014984,0.7693488597869873,-0.10567712783813477,0.11546395719051361,0.9999985694885254,7.738669438595025e-08,0.3566666543483734,1.0,1.0
39,data/latent/train/1781996055450_forward_00003.npz,158,300,39.28439712524414,99.9811019897461,0.333270400762558,1.1120519638061523,-0.10693943500518799,0.06741299480199814,0.9999998807907104,2.0166238456909014e-08,0.07333333045244217,1.0,1.0
40,data/latent/train/1781995911953_heuristic_00035.npz,830,300,28.471466064453125,94.13302612304688,0.31377673149108887,1.4602687358856201,-0.11141097545623779,0.15740591287612915,0.9999988079071045,5.076329046005412e-08,0.046666666865348816,1.0,1.0
41,data/latent/train/1781996187436_random_00010.npz,460,300,42.93449401855469,135.9705352783203,0.45323505997657776,1.89133620262146,-0.1084742546081543,0.07140496373176575,0.9999403953552246,2.2898117890690628e-07,0.0533333346247673,1.0,1.0
42,data/latent/train/1781995954713_heuristic_00040.npz,317,300,6.855358600616455,74.02776336669922,0.24675920605659485,1.0894010066986084,-0.11414968967437744,0.061771079897880554,0.9999988079071045,2.6226043559063328e-08,0.07333333045244217,1.0,1.0
43,data/latent/train/1781996127947_random_00003.npz,543,300,66.56675720214844,161.51715087890625,0.538390576839447,2.0778884887695312,-0.09745216369628906,0.1032070741057396,0.9999989867210388,1.341104507446289e-07,0.036666665226221085,1.0,1.0
44,data/latent/train/1781995883579_heuristic_00032.npz,601,300,14.407736778259277,77.83938598632812,0.2594646215438843,0.8188064098358154,-0.11863899230957031,0.050100523978471756,0.9999998807907104,2.3742517285540998e-08,0.046666666865348816,1.0,1.0
45,data/latent/train/1781995595407_heuristic_00001.npz,913,300,3.481915235519409,61.78975296020508,0.20596584677696228,1.6474387645721436,-0.11849641799926758,0.4906102418899536,0.999907910823822,2.364317630565438e-08,0.4033333361148834,1.0,1.0
46,data/latent/train/1781995725381_heuristic_00015.npz,409,300,39.7677001953125,117.60166931152344,0.3920056223869324,1.5536413192749023,-0.08872842788696289,0.08831115812063217,0.9999994039535522,9.417534130307104e-08,0.06666667014360428,1.0,1.0
47,data/latent/train/1781975583574_heuristic_00004.npz,551,300,11.02493667602539,65.37017822265625,0.2179005891084671,1.1483306884765625,-0.11565911769866943,0.12325400114059448,0.9999982714653015,2.801418297337932e-08,0.05000000074505806,1.0,1.0
48,data/latent/train/1781995963949_heuristic_00041.npz,411,300,14.82666301727295,69.94368743896484,0.23314562439918518,0.7169793844223022,-0.10512089729309082,0.07983897626399994,0.9999994039535522,1.5745560233426659e-07,0.03333333507180214,1.0,1.0
49,data/latent/train/1781995991387_heuristic_00044.npz,153,300,26.31509017944336,100.87477111816406,0.3362492024898529,0.8708102703094482,-0.08270144462585449,0.052708446979522705,1.0,7.013479574879966e-08,0.08666666597127914,1.0,1.0
50,data/latent/train/1781996057994_forward_00004.npz,12,300,81.8567886352539,193.81857299804688,0.646061897277832,1.8130111694335938,-0.1064751148223877,0.09453856945037842,0.9999979734420776,6.179014633289626e-08,0.05666666850447655,1.0,1.0
51,data/latent/train/1781996195874_random_00011.npz,233,300,28.154752731323242,91.94023895263672,0.3064674735069275,0.9582358002662659,-0.08774864673614502,0.07712206989526749,0.9999998807907104,4.192193259200394e-08,0.05000000074505806,1.0,1.0
52,data/latent/train/1781975767951_heuristic_00024.npz,608,300,25.315113067626953,88.50363159179688,0.29501211643218994,1.3079590797424316,-0.11291944980621338,0.05669667571783066,0.9999998807907104,2.364317630565438e-08,0.05999999865889549,1.0,1.0
53,data/latent/train/1781995614740_heuristic_00003.npz,904,300,22.25712013244629,87.9345703125,0.2931152284145355,1.0348618030548096,-0.11936712265014648,0.051229242235422134,0.9999995827674866,3.010034532735517e-08,0.04333333298563957,1.0,1.0
54,data/latent/train/1781996062126_forward_00006.npz,3,300,69.2300033569336,175.0761260986328,0.583587110042572,2.0189709663391113,-0.09677481651306152,0.03964328393340111,0.9802627563476562,1.0900100278377067e-05,0.05000000074505806,0.9766666889190674,1.0
55,data/latent/train/1781975722846_heuristic_00019.npz,459,300,-7.4761834144592285,-25.349271774291992,-0.08449756354093552,-0.001083139330148697,-0.09995639324188232,0.21107104420661926,0.9999969601631165,1.0074178362629027e-06,0.02666666731238365,1.0,1.0
56,data/latent/train/1781995991387_heuristic_00044.npz,812,300,16.46365737915039,90.37106323242188,0.3012368679046631,0.9459717869758606,-0.08221018314361572,0.06183973327279091,0.9999994039535522,3.1689804558254764e-08,0.029999999329447746,1.0,1.0
57,data/latent/train/1781995945841_heuristic_00039.npz,961,300,29.694095611572266,94.44009399414062,0.31480029225349426,1.0276024341583252,-0.0547797717154026,0.06956616789102554,0.9999998211860657,6.165107038214046e-07,0.05666666850447655,1.0,1.0
58,data/latent/train/1781995678845_heuristic_00010.npz,162,300,45.69435501098633,103.95439910888672,0.3465147018432617,1.211576223373413,-0.041184309870004654,0.10386727750301361,1.0,8.960564912285918e-08,0.07000000029802322,1.0,1.0
59,data/latent/train/1781995753128_heuristic_00018.npz,67,300,67.18258666992188,142.70516967773438,0.4756838381290436,1.6969575881958008,-0.0829164981842041,0.06802687048912048,0.9999998807907104,3.765026690416562e-08,0.06333333253860474,1.0,1.0
60,data/latent/train/1781975611090_heuristic_00007.npz,150,300,10.955353736877441,66.72775268554688,0.22242584824562073,0.9746153950691223,-0.1167299747467041,0.06061979755759239,0.9999998211860657,1.1225541385329052e-08,0.06666667014360428,1.0,1.0
61,data/latent/train/1781975611090_heuristic_00007.npz,327,300,13.760693550109863,62.263729095458984,0.20754575729370117,0.6903641223907471,-0.11244142055511475,0.07635647803544998,0.9999998807907104,2.2749105710317963e-08,0.05666666850447655,1.0,1.0
62,data/latent/train/1781995883579_heuristic_00032.npz,366,300,26.68174934387207,51.43804931640625,0.17146015167236328,1.0361876487731934,-0.11748075485229492,0.4541550278663635,0.9999969601631165,6.665786145276797e-08,0.27000001072883606,1.0,1.0
63,data/latent/train/1781975657159_heuristic_00012.npz,591,300,15.618329048156738,73.26017761230469,0.24420057237148285,1.0103368759155273,-0.08279561996459961,0.08990896493196487,0.9999998211860657,6.467104185503558e-08,0.029999999329447746,1.0,1.0
64,data/latent/train/1781995855626_heuristic_00029.npz,943,300,6.624030590057373,121.68641662597656,0.40562137961387634,1.7748498916625977,-0.11756408214569092,0.23438794910907745,0.9999963641166687,9.059905892172537e-08,0.15333333611488342,1.0,1.0
65,data/latent/train/1781996119373_random_00002.npz,523,300,50.68970489501953,126.6143569946289,0.42204779386520386,1.7925076484680176,-0.1133279800415039,0.10024326294660568,0.9999998807907104,8.255243244548183e-08,0.05000000074505806,1.0,1.0
66,data/latent/train/1781975776928_heuristic_00025.npz,66,300,43.808528900146484,98.40943908691406,0.3280314803123474,1.296478271484375,-0.0791163444519043,0.03779810667037964,0.9999998807907104,2.831220591303918e-08,0.08666666597127914,1.0,1.0
67,data/latent/train/1781972431993_00004.npz,319,300,56.58298873901367,90.61656188964844,0.3020552098751068,1.520024299621582,-0.11834633350372314,0.3102547228336334,0.9999886155128479,1.864234604909143e-06,0.2566666603088379,1.0,1.0
68,data/latent/train/1781995883579_heuristic_00032.npz,858,300,10.845441818237305,73.0705337524414,0.24356846511363983,0.9816036820411682,-0.11957252025604248,0.06094453111290932,0.9999997019767761,1.400709148668966e-08,0.08666666597127914,1.0,1.0
69,data/latent/train/1781996187436_random_00010.npz,85,300,29.139698028564453,89.09100341796875,0.296970009803772,0.9657283425331116,-0.09229671955108643,0.09329081326723099,0.9999998211860657,3.5862129266206466e-08,0.03999999910593033,1.0,1.0
70,data/latent/train/1781995808764_heuristic_00024.npz,985,300,50.60280990600586,129.52183532714844,0.4317395091056824,1.3070602416992188,-0.09690535068511963,-0.045602332800626755,0.9999991655349731,3.049770924690165e-08,0.18333333730697632,1.0,1.0
71,data/latent/train/1781996068634_forward_00009.npz,167,300,42.589576721191406,109.73796081542969,0.3657931983470917,1.02549147605896,-0.06198478117585182,0.0774284154176712,0.9999998807907104,2.4338563164860716e-08,0.09333333373069763,1.0,1.0
72,data/latent/train/1781996088237_forward_00018.npz,41,300,56.8867073059082,120.98181915283203,0.40327271819114685,1.2477593421936035,-0.05326557531952858,0.07242409884929657,0.9999998807907104,4.718701163142214e-08,0.03333333507180214,1.0,1.0
73,data/latent/train/1781996037878_heuristic_00049.npz,34,300,59.328060150146484,192.28790283203125,0.640959620475769,1.524219036102295,-0.08504581451416016,-0.017997197806835175,0.9999793767929077,1.8189351180808444e-07,0.01666666753590107,1.0,1.0
74,data/latent/train/1781995927298_heuristic_00037.npz,418,300,0.0732448399066925,52.88062286376953,0.17626874148845673,1.454848051071167,-0.11014604568481445,0.0752105712890625,0.9999552369117737,1.3917684782427386e-07,0.04333333298563957,1.0,1.0
75,data/latent/train/1781995836527_heuristic_00027.npz,556,300,-1.1631087064743042,28.436079025268555,0.09478692710399628,1.3179807662963867,-0.11819350719451904,0.34198495745658875,0.999983012676239,1.6247232679234003e-06,0.2199999988079071,1.0,1.0
76,data/latent/train/1781996119373_random_00002.npz,694,300,69.27208709716797,152.01832580566406,0.5067278146743774,2.4523916244506836,-0.11517989635467529,0.08638492971658707,0.9999991655349731,2.9404958468148834e-08,0.05666666850447655,1.0,1.0
77,data/latent/train/1781995614740_heuristic_00003.npz,48,300,67.19192504882812,128.24234008789062,0.42747440934181213,1.873732328414917,-0.1008450984954834,0.0446968711912632,0.9999998807907104,2.2749105710317963e-08,0.0533333346247673,1.0,1.0
78,data/latent/train/1781995651476_heuristic_00007.npz,960,300,15.023727416992188,85.9703140258789,0.286567747592926,1.0682387351989746,-0.11169648170471191,0.031784068793058395,0.9999988079071045,2.135833021554845e-08,0.08666666597127914,1.0,1.0
79,data/latent/train/1781975759513_heuristic_00023.npz,559,300,11.086161613464355,56.94131851196289,0.18980440497398376,0.9413080215454102,-0.1102149486541748,0.09877019375562668,0.9999998807907104,1.9470849821345837e-08,0.07666666805744171,1.0,1.0
80,data/latent/train/1781996037878_heuristic_00049.npz,505,300,13.082411766052246,65.519775390625,0.2183992564678192,1.1300501823425293,-0.1059037446975708,0.1258070468902588,0.9999992847442627,4.0630499853477886e-08,0.006666666828095913,1.0,1.0
81,data/latent/train/1781996028648_heuristic_00048.npz,784,300,30.860157012939453,104.2340087890625,0.34744665026664734,1.0634839534759521,-0.09508097171783447,0.06530012935400009,0.9999979734420776,4.202127570351877e-07,0.06666667014360428,1.0,1.0
82,data/latent/train/1781972431993_00004.npz,687,300,63.879356384277344,140.06536865234375,0.4668845534324646,2.5354878902435303,-0.11050021648406982,0.07032695412635803,0.9999976754188538,3.33786012163273e-08,0.05666666850447655,1.0,1.0
83,data/latent/train/1781996049295_forward_00000.npz,153,300,36.580692291259766,105.5909652709961,0.3519698977470398,1.0571584701538086,-0.09772050380706787,0.055819522589445114,0.9999998807907104,1.5497207073167374e-08,0.15666666626930237,1.0,1.0
84,data/latent/train/1781996255678_random_00018.npz,567,300,88.52682495117188,218.90597534179688,0.7296865582466125,2.3960964679718018,-0.09903824329376221,-0.01203168835490942,0.9999995827674866,5.7220457705398076e-08,0.10000000149011612,1.0,1.0
85,data/latent/train/1781975804219_heuristic_00028.npz,786,300,18.431520462036133,83.49095153808594,0.2783031761646271,1.116173267364502,-0.09885108470916748,0.08065619319677353,0.9999998211860657,1.887480394202612e-08,0.09333333373069763,1.0,1.0
86,data/latent/train/1781975750371_heuristic_00022.npz,829,300,8.414299011230469,65.37823486328125,0.2179274559020996,1.4951207637786865,-0.11777997016906738,0.3414640426635742,0.9998105764389038,6.109475947368992e-08,0.18000000715255737,1.0,1.0
87,data/latent/train/1781996072334_forward_00011.npz,8,300,51.249603271484375,124.6583480834961,0.4155277907848358,1.3195292949676514,-0.08535945415496826,0.06878422945737839,0.9956685304641724,1.2599429055626388e-06,0.06333333253860474,0.9933333396911621,1.0
88,data/latent/train/1781975694262_heuristic_00016.npz,890,300,9.787504196166992,35.77229690551758,0.11924099177122116,0.9608281254768372,-0.1199873685836792,0.3151552975177765,0.9999952912330627,3.4643212529772427e-06,0.14000000059604645,1.0,1.0
89,data/latent/train/1781996238438_random_00016.npz,31,300,31.952190399169922,87.54606628417969,0.291820228099823,0.8227182626724243,-0.09108996391296387,0.08251145482063293,0.9999998807907104,4.0729840833364506e-08,0.03333333507180214,1.0,1.0
90,data/latent/train/1781975629865_heuristic_00009.npz,485,300,46.39320755004883,110.53060913085938,0.3684353530406952,1.1580932140350342,-0.10923552513122559,0.07521267980337143,1.0,2.314646962986444e-08,0.0533333346247673,1.0,1.0
91,data/latent/train/1781995790154_heuristic_00022.npz,54,300,69.83454895019531,135.87893676757812,0.4529297947883606,1.689145565032959,-0.0972510576248169,0.11831848323345184,0.9999998807907104,4.3412050843016914e-08,0.04333333298563957,1.0,1.0
92,data/latent/train/1781996078705_forward_00014.npz,211,300,36.21674728393555,98.27190399169922,0.3275730013847351,0.9453213810920715,-0.08683335781097412,0.06100353226065636,1.0,2.4835268064293814e-08,0.08666666597127914,1.0,1.0
93,data/latent/train/1781996179284_random_00009.npz,241,300,27.21371078491211,94.23806762695312,0.3141268789768219,0.985223114490509,-0.09405660629272461,0.0863175317645073,0.9999998807907104,5.404154634902625e-08,0.046666666865348816,1.0,1.0
94,data/latent/train/1781996221488_random_00014.npz,909,300,-5.724785327911377,-24.88791275024414,-0.08295969665050507,0.18254506587982178,-0.11175394058227539,-0.0837010070681572,0.9999218583106995,7.794300813657173e-07,0.10333333164453506,1.0,1.0
95,data/latent/train/1781996153432_random_00006.npz,45,300,31.567529678344727,94.97581481933594,0.31658604741096497,0.9880807995796204,-0.09171664714813232,0.07276710122823715,0.9999998211860657,4.986921808836087e-08,0.023333333432674408,1.0,1.0
96,data/latent/train/1781996088237_forward_00018.npz,197,300,45.991878509521484,106.97058868408203,0.35656866431236267,1.316300630569458,-0.10220348834991455,0.087021104991436,1.0,3.546476534665999e-08,0.029999999329447746,1.0,1.0
97,data/latent/train/1781996083635_forward_00016.npz,198,300,33.70581817626953,96.5761947631836,0.3219206631183624,0.8299474716186523,-0.07642483711242676,0.06965311616659164,1.0,2.0066897477022394e-08,0.09333333373069763,1.0,1.0
98,data/latent/train/1781975731978_heuristic_00020.npz,548,300,1.708944320678711,38.16170120239258,0.12720566987991333,0.48805713653564453,-0.1186751127243042,0.018504690378904343,0.999961256980896,1.5695889032940613e-08,0.20000000298023224,1.0,1.0
99,data/latent/train/1781996195874_random_00011.npz,490,300,51.14430618286133,141.3063201904297,0.47102102637290955,2.051051616668701,-0.10103976726531982,-0.010068310424685478,0.999972403049469,7.788339928538335e-08,0.06333333253860474,1.0,1.0
100,data/latent/train/1781996187436_random_00010.npz,532,300,51.18826675415039,91.22755432128906,0.3040918707847595,2.5482828617095947,-0.10825061798095703,0.23311813175678253,0.9979850053787231,2.6370287741883658e-05,0.036666665226221085,1.0,1.0
101,data/latent/train/1781975740977_heuristic_00021.npz,685,300,31.82810401916504,87.54463958740234,0.2918154001235962,0.9221346378326416,-0.07783222198486328,0.10222377628087997,0.9999998807907104,2.7517478073946222e-08,0.07333333045244217,1.0,1.0
102,data/latent/train/1781972422614_00003.npz,93,300,26.54607391357422,73.62641906738281,0.2454213947057724,0.7387598752975464,-0.08081459999084473,0.11357388645410538,0.9999998807907104,3.119309610610799e-08,0.05000000074505806,1.0,1.0
103,data/latent/train/1781995586132_heuristic_00000.npz,961,300,30.03239631652832,87.43173217773438,0.29143911600112915,1.8144490718841553,-0.09033548831939697,0.09859058260917664,0.9999998807907104,1.837809904259302e-08,0.07999999821186066,1.0,1.0
104,data/latent/train/1781995818312_heuristic_00025.npz,909,300,52.56437683105469,131.87081909179688,0.4395693838596344,1.3972930908203125,-0.0962144136428833,0.09099872410297394,0.9999998211860657,2.6911496320281003e-07,0.05999999865889549,1.0,1.0
105,data/latent/train/1781995883579_heuristic_00032.npz,233,300,4.182403087615967,51.61775207519531,0.17205916345119476,0.9792969822883606,-0.11999154090881348,0.13502413034439087,0.9999997019767761,1.172224717294057e-08,0.0833333358168602,1.0,1.0
106,data/latent/train/1781975785803_heuristic_00026.npz,815,300,16.370464324951172,68.24041748046875,0.22746802866458893,0.7791725397109985,-0.11782324314117432,0.1226574182510376,0.9999997019767761,1.658995962827703e-08,0.023333333432674408,1.0,1.0
107,data/latent/train/1781995945841_heuristic_00039.npz,185,300,14.310979843139648,76.17922973632812,0.2539307773113251,0.9235273599624634,-0.12031662464141846,0.02680993638932705,1.0,1.3142823718226282e-07,0.05666666850447655,1.0,1.0
108,data/latent/train/1781975795046_heuristic_00027.npz,137,300,16.947547912597656,84.63103485107422,0.28210341930389404,0.8749544620513916,-0.11933696269989014,0.0655888095498085,0.9999994039535522,1.0261933169886106e-07,0.0833333358168602,1.0,1.0
109,data/latent/train/1781996230146_random_00015.npz,462,300,51.573516845703125,129.84426879882812,0.43281424045562744,2.313059091567993,-0.1172323226928711,0.08848327398300171,0.9999709129333496,6.832678991486318e-07,0.029999999329447746,1.0,1.0
110,data/latent/train/1781995963949_heuristic_00041.npz,938,300,9.623075485229492,71.41727447509766,0.23805758357048035,0.9742839932441711,-0.11712503433227539,0.07211392372846603,0.9999977350234985,2.4537245124633955e-08,0.046666666865348816,1.0,1.0
111,data/latent/train/1781975703598_heuristic_00017.npz,601,300,8.881474494934082,57.057106018066406,0.1901903599500656,0.9281232357025146,-0.10888493061065674,0.10165973752737045,0.9999995827674866,4.510084750108945e-08,0.03999999910593033,1.0,1.0
112,data/latent/train/1781996053429_forward_00002.npz,114,300,36.91670227050781,108.24286651611328,0.3608095943927765,1.4159936904907227,-0.09867799282073975,0.066230408847332,0.9999998807907104,1.4305114426349519e-08,0.10999999940395355,1.0,1.0
113,data/latent/train/1781995772209_heuristic_00020.npz,157,300,57.90291976928711,120.61740112304688,0.4020579755306244,2.2141807079315186,-0.06561815738677979,0.09880967438220978,0.9999998807907104,3.973643103449831e-08,0.07666666805744171,1.0,1.0
114,data/latent/train/1781996078705_forward_00014.npz,139,300,31.81022071838379,89.3638916015625,0.2978796362876892,1.0341203212738037,-0.06655645370483398,0.08132295310497284,0.9999998807907104,2.135833021554845e-08,0.08666666597127914,1.0,1.0
115,data/latent/train/1781996136517_random_00004.npz,661,300,63.18198776245117,176.96890258789062,0.5898963809013367,1.7628121376037598,-0.09235906600952148,-0.06760554015636444,0.9999971389770508,1.938144436053335e-07,0.1066666692495346,1.0,1.0
116,data/latent/train/1781975547656_heuristic_00000.npz,453,300,18.728670120239258,75.02000427246094,0.2500666677951813,0.8381369113922119,-0.11781966686248779,0.08267412334680557,0.9999998211860657,2.4437904144747336e-08,0.03333333507180214,1.0,1.0
117,data/latent/train/1781995781052_heuristic_00021.npz,12,300,42.67777633666992,110.1663589477539,0.3672212064266205,0.9342226982116699,-0.030773643404245377,0.09505245834589005,1.0,3.218650945768786e-08,0.05666666850447655,1.0,1.0
118,data/latent/train/1781995586132_heuristic_00000.npz,38,300,68.47185516357422,153.377685546875,0.5112589001655579,1.272383451461792,-0.04318845644593239,0.08215702325105667,1.0,6.318092005130893e-08,0.023333333432674408,1.0,1.0
119,data/latent/train/1781996136517_random_00004.npz,938,300,0.7639486193656921,66.80533599853516,0.22268442809581757,2.1238808631896973,-0.10333871841430664,0.169921875,0.9972095489501953,1.5068054608491366e-06,0.1666666716337204,0.9766666889190674,1.0
120,data/latent/train/1781995697152_heuristic_00012.npz,323,300,31.44379234313965,136.5320587158203,0.45510685443878174,1.0861775875091553,-0.11458420753479004,0.13058273494243622,0.9999766945838928,4.2905409713966947e-07,0.05999999865889549,1.0,1.0
121,data/latent/train/1781995651476_heuristic_00007.npz,477,300,75.2422866821289,183.36500549316406,0.6112167835235596,1.7458217144012451,-0.10256612300872803,0.11899532377719879,0.999987781047821,4.380941334147792e-07,0.04333333298563957,1.0,1.0
122,data/latent/train/1781995845712_heuristic_00028.npz,838,300,22.331466674804688,94.13269805908203,0.3137756288051605,1.0299382209777832,-0.055888060480356216,0.05741032212972641,0.9999954104423523,5.558133011618338e-07,0.029999999329447746,1.0,1.0
123,data/latent/train/1781996068634_forward_00009.npz,13,300,67.56553649902344,157.07176208496094,0.5235725045204163,1.4116616249084473,-0.04954445734620094,0.06524307280778885,1.0,3.1590460025654465e-08,0.03333333507180214,1.0,1.0
124,data/latent/train/1781995725381_heuristic_00015.npz,971,300,11.813149452209473,80.00941467285156,0.26669806241989136,1.2368040084838867,-0.11902749538421631,0.021617062389850616,0.999970018863678,7.828077031035718e-08,0.10000000149011612,1.0,1.0
125,data/latent/train/1781996064269_forward_00007.npz,165,300,38.93317794799805,98.41600036621094,0.32805335521698,1.3640801906585693,-0.11289215087890625,0.07819554209709167,1.0,3.467003395485335e-08,0.07000000029802322,1.0,1.0
126,data/latent/train/1781996049295_forward_00000.npz,24,300,51.03993606567383,118.45240020751953,0.39484137296676636,0.9741595387458801,-0.035128120332956314,0.08053044974803925,1.0,5.4736933208232585e-08,0.029999999329447746,1.0,1.0
127,data/latent/train/1781996076735_forward_00013.npz,16,300,59.98454284667969,132.09959411621094,0.44033193588256836,1.2229559421539307,-0.027104023844003677,0.07612116634845734,0.9999998807907104,3.546476534665999e-08,0.03333333507180214,1.0,1.0
128,data/latent/train/1781996057994_forward_00004.npz,190,300,28.959095001220703,84.95426177978516,0.283180832862854,1.1822373867034912,-0.1110084056854248,0.0807640552520752,1.0,3.1292437085994607e-08,0.08666666597127914,1.0,1.0
129,data/latent/train/1781996064269_forward_00007.npz,128,300,39.48371505737305,108.22858428955078,0.3607618808746338,0.9123848676681519,-0.08477699756622314,0.06299810856580734,0.9999998807907104,1.9470849821345837e-08,0.09000000357627869,1.0,1.0
130,data/latent/train/1781996153432_random_00006.npz,434,300,55.149864196777344,157.27879333496094,0.5242626070976257,2.5558242797851562,-0.08347225189208984,-0.007473573088645935,0.9999756813049316,6.953874986947994e-08,0.08666666597127914,1.0,1.0
131,data/latent/train/1781975657159_heuristic_00012.npz,404,300,0.5260289311408997,42.73277282714844,0.14244256913661957,2.359499216079712,-0.11985039710998535,0.30899980664253235,0.9999983906745911,7.500250944758591e-07,0.17000000178813934,1.0,1.0
132,data/latent/train/1781995827249_heuristic_00026.npz,80,300,44.681549072265625,108.95973205566406,0.3631991446018219,1.6170806884765625,-0.06403625011444092,0.027746111154556274,0.9999991059303284,4.7584375550968616e-08,0.046666666865348816,1.0,1.0
133,data/latent/train/1781975795046_heuristic_00027.npz,586,300,37.55717468261719,120.0284194946289,0.4000947177410126,1.3659946918487549,-0.06287944316864014,0.09633495658636093,0.999999463558197,3.900130707279459e-07,0.08666666597127914,1.0,1.0
134,data/latent/train/1781975740977_heuristic_00021.npz,920,300,-10.157987594604492,-31.679338455200195,-0.10559780150651932,-0.08031487464904785,-0.11651527881622314,-0.13333576917648315,0.9999977350234985,5.923708386035287e-07,0.03999999910593033,1.0,1.0
135,data/latent/train/1781975547656_heuristic_00000.npz,843,300,15.027152061462402,67.16535186767578,0.22388450801372528,1.0645949840545654,-0.11917436122894287,0.2243015021085739,0.9990978837013245,8.616844979769667e-07,0.05999999865889549,1.0,1.0
136,data/latent/train/1781996179284_random_00009.npz,511,300,48.29926300048828,133.61253356933594,0.44537511467933655,1.1138641834259033,-0.11040759086608887,-0.18988777697086334,0.999956488609314,5.096197241982736e-08,0.08666666597127914,1.0,1.0
137,data/latent/train/1781996221488_random_00014.npz,413,300,43.515872955322266,85.25129699707031,0.28417107462882996,2.5036675930023193,-0.10745716094970703,0.27989131212234497,0.9971010088920593,4.214545242575696e-06,0.23333333432674408,0.9766666889190674,1.0
138,data/latent/train/1781975556701_heuristic_00001.npz,869,300,11.945964813232422,73.8919448852539,0.24630646407604218,1.159555435180664,-0.09345495700836182,0.07983143627643585,0.9992923736572266,1.3268987686387845e-06,0.17000000178813934,1.0,1.0
139,data/latent/train/1781996066462_forward_00008.npz,94,300,12.904816627502441,71.20344543457031,0.23734481632709503,0.8201196193695068,-0.10636484622955322,0.06596118956804276,0.9999998807907104,1.5298525113394135e-08,0.04333333298563957,1.0,1.0
140,data/latent/train/1781995678845_heuristic_00010.npz,819,300,16.9281005859375,72.67228698730469,0.24224098026752472,0.8003543615341187,-0.11756300926208496,0.043075550347566605,0.9999998807907104,3.258387337723434e-08,0.07999999821186066,1.0,1.0
141,data/latent/train/1781995808764_heuristic_00024.npz,698,300,42.19644546508789,104.06693267822266,0.34688982367515564,0.9497793316841125,-0.035872820764780045,0.13863472640514374,0.999964714050293,1.8179417082819782e-08,0.09333333373069763,1.0,1.0
142,data/latent/train/1781995725381_heuristic_00015.npz,108,300,55.77661895751953,119.51116180419922,0.39837050437927246,1.5510294437408447,-0.036401037126779556,0.10105960816144943,0.9999998807907104,1.5139579545575543e-07,0.05000000074505806,1.0,1.0
143,data/latent/train/1781996060196_forward_00005.npz,68,300,49.22763442993164,104.56370544433594,0.3485456705093384,1.3114705085754395,-0.05827176943421364,0.05783997103571892,0.9999998807907104,2.4835268064293814e-08,0.06333333253860474,1.0,1.0
144,data/latent/train/1781995991387_heuristic_00044.npz,978,300,45.02311325073242,126.48896026611328,0.4216298460960388,1.4102199077606201,-0.08445346355438232,-0.00855559203773737,0.9999024271965027,3.918011941550503e-07,0.23666666448116302,1.0,1.0
145,data/latent/train/1781995734609_heuristic_00016.npz,47,300,44.489501953125,95.40045166015625,0.31800150871276855,1.3816490173339844,-0.10767912864685059,0.11504858732223511,1.0,5.9207280855844147e-08,0.0533333346247673,1.0,1.0
146,data/latent/train/1781995874538_heuristic_00031.npz,312,300,14.557937622070312,68.12385559082031,0.22707952558994293,1.8056919574737549,-0.11076033115386963,0.24537856876850128,0.9999546408653259,5.433956928868611e-08,0.1133333370089531,1.0,1.0
147,data/latent/train/1781995614740_heuristic_00003.npz,25,300,66.20700073242188,145.2258758544922,0.4840862452983856,1.1981496810913086,-0.08171188831329346,0.08202089369297028,0.9999995827674866,4.629293925972888e-08,0.04333333298563957,1.0,1.0
148,data/latent/train/1781995973433_heuristic_00042.npz,992,300,23.100332260131836,69.89723205566406,0.23299077153205872,0.8025751113891602,-0.11762678623199463,0.1707654446363449,0.9999998807907104,5.2551428098013275e-08,0.04333333298563957,1.0,1.0
149,data/latent/train/1781975565096_heuristic_00002.npz,966,300,10.998421669006348,70.28102111816406,0.23427005112171173,0.9946616291999817,-0.11416256427764893,0.14717577397823334,0.9999772906303406,3.923972613506521e-08,0.1899999976158142,1.0,1.0
150,data/latent/train/1781995586132_heuristic_00000.npz,537,300,21.743789672851562,83.75810241699219,0.2791936695575714,1.0904395580291748,-0.11896038055419922,0.05807146802544594,0.9999994039535522,5.821387105697795e-08,0.036666665226221085,1.0,1.0
151,data/latent/train/1781975684660_heuristic_00015.npz,989,300,51.287635803222656,112.31807708740234,0.37439364194869995,1.2308800220489502,-0.046729687601327896,0.06050511822104454,0.9999998807907104,4.1325886712684223e-08,0.04333333298563957,1.0,1.0
152,data/latent/train/1781995790154_heuristic_00022.npz,294,300,20.937332153320312,101.47750854492188,0.33825838565826416,1.9444866180419922,-0.11869621276855469,0.26363420486450195,0.9999784231185913,1.3158718275008141e-06,0.07666666805744171,1.0,1.0
153,data/latent/train/1781996070175_forward_00010.npz,11,300,38.27968978881836,109.36705017089844,0.36455681920051575,1.1752943992614746,-0.1084061861038208,0.09174281358718872,0.9999998807907104,3.079573218656151e-08,0.05000000074505806,1.0,1.0
154,data/latent/train/1781996062126_forward_00006.npz,135,300,11.53227424621582,59.162315368652344,0.19720768928527832,0.6215887069702148,-0.10934937000274658,0.06630119681358337,0.9999998807907104,1.658995962827703e-08,0.09666666388511658,1.0,1.0
155,data/latent/train/1781995865173_heuristic_00030.npz,245,300,31.678943634033203,92.78428649902344,0.30928099155426025,0.9978922009468079,-0.10907423496246338,0.1010570228099823,1.0,2.135833021554845e-08,0.0533333346247673,1.0,1.0
156,data/latent/train/1781975731978_heuristic_00020.npz,376,300,7.886985778808594,87.22195434570312,0.29073983430862427,2.518737554550171,-0.11999702453613281,0.17841802537441254,0.9999789595603943,1.449386246576978e-07,0.23999999463558197,1.0,1.0
157,data/latent/train/1781972431993_00004.npz,385,300,52.6514892578125,125.53026580810547,0.4184342324733734,2.8759279251098633,-0.11102175712585449,0.20430466532707214,0.9998059868812561,2.3151437744672876e-06,0.12666666507720947,1.0,1.0
158,data/latent/train/1781996055450_forward_00003.npz,218,300,28.884504318237305,47.71574020385742,0.15905247628688812,0.8984764814376831,-0.11995100975036621,0.2413305640220642,0.9999851584434509,2.0076831219739688e-07,0.1133333370089531,1.0,1.0
159,data/latent/train/1781975684660_heuristic_00015.npz,764,300,39.15535354614258,104.16499328613281,0.3472166359424591,1.116142749786377,-0.08870565891265869,0.044055644422769547,1.0,2.086162531611535e-08,0.06666667014360428,1.0,1.0
160,data/latent/train/1781975565096_heuristic_00002.npz,555,300,1.4763920307159424,53.927059173583984,0.17975686490535736,1.288630485534668,-0.11426436901092529,0.29765188694000244,0.9999908208847046,3.516673885428645e-08,0.15333333611488342,1.0,1.0
161,data/latent/train/1781995725381_heuristic_00015.npz,590,300,33.725276947021484,129.64634704589844,0.43215447664260864,2.1402626037597656,-0.11528050899505615,0.17011313140392303,0.9999498724937439,4.013379495404479e-08,0.1733333319425583,1.0,1.0
162,data/latent/train/1781975684660_heuristic_00015.npz,356,300,-9.689055442810059,-24.236669540405273,-0.08078889548778534,0.7715592384338379,-0.1160891056060791,-0.010373826138675213,0.9999975562095642,1.430114139111538e-06,0.036666665226221085,1.0,1.0
163,data/latent/train/1781972413766_00002.npz,643,300,77.9901351928711,181.4962921142578,0.6049876809120178,2.1332528591156006,-0.08920764923095703,0.04327545687556267,0.999998152256012,6.069739555414344e-08,0.06666667014360428,1.0,1.0
164,data/latent/train/1781995808764_heuristic_00024.npz,633,300,85.37638854980469,205.89346313476562,0.686311662197113,2.405625343322754,-0.11242794990539551,0.04267343133687973,1.0,1.5199184133507515e-08,0.1433333307504654,1.0,1.0
165,data/latent/train/1781995982334_heuristic_00043.npz,363,300,6.436455249786377,68.08501434326172,0.22695007920265198,0.8017332553863525,-0.11500656604766846,0.1440308690071106,0.9999801516532898,3.109375512622137e-08,0.1666666716337204,1.0,1.0
166,data/latent/train/1781975804219_heuristic_00028.npz,353,300,29.82176971435547,94.48921203613281,0.3149639964103699,2.0351927280426025,-0.11873936653137207,0.22695544362068176,0.9999904632568359,2.3742517285540998e-08,0.12666666507720947,1.0,1.0
167,data/latent/train/1781995669694_heuristic_00009.npz,10,300,41.587459564208984,117.02239990234375,0.3900747299194336,1.4734430313110352,-0.08293759822845459,0.06227243319153786,0.9999908208847046,2.4537245124633955e-08,0.05999999865889549,1.0,1.0
168,data/latent/train/1781996088237_forward_00018.npz,129,300,34.68516159057617,91.70295715332031,0.30567651987075806,1.1175413131713867,-0.10125017166137695,0.07355983555316925,0.9999998807907104,2.314646962986444e-08,0.07333333045244217,1.0,1.0
169,data/latent/train/1781996195874_random_00011.npz,462,300,49.464107513427734,145.34327697753906,0.48447757959365845,1.3869209289550781,-0.09073805809020996,-0.003170653944835067,0.9999726414680481,3.476937493473997e-08,0.09000000357627869,1.0,1.0
170,data/latent/train/1781996204522_random_00012.npz,427,300,66.3213119506836,198.41867065429688,0.6613955497741699,2.7379560470581055,-0.09898138046264648,0.18453791737556458,0.9999974370002747,4.184246051863738e-07,0.12333333492279053,1.0,1.0
171,data/latent/train/1781995845712_heuristic_00028.npz,159,300,-7.775114059448242,1.521331787109375,0.005071108229458332,0.7917226552963257,-0.12013447284698486,0.24398671090602875,0.9999664425849915,4.2259694055246655e-07,0.23666666448116302,1.0,1.0
172,data/latent/train/1781996062126_forward_00006.npz,62,300,53.66019821166992,111.59130096435547,0.3719710409641266,1.4392547607421875,-0.10621702671051025,0.05142279714345932,0.9999998807907104,2.4437904144747336e-08,0.07999999821186066,1.0,1.0
173,data/latent/train/1781996081424_forward_00015.npz,173,300,24.231029510498047,76.60441589355469,0.2553480863571167,0.853514552116394,-0.11739873886108398,0.06701306998729706,1.0,2.5232633760197132e-08,0.09333333373069763,1.0,1.0
174,data/latent/train/1781996070175_forward_00010.npz,76,300,48.56632995605469,117.99372863769531,0.3933124244213104,1.3970155715942383,-0.11263298988342285,0.13193252682685852,0.9999998807907104,7.569789772787772e-08,0.03999999910593033,1.0,1.0
175,data/latent/train/1781996085926_forward_00017.npz,64,300,65.80470275878906,136.67901611328125,0.4555967152118683,1.9039669036865234,-0.10534954071044922,0.09104038029909134,0.9999998807907104,2.831220591303918e-08,0.05999999865889549,1.0,1.0
176,data/latent/train/1781996028648_heuristic_00048.npz,984,300,11.902902603149414,80.5400161743164,0.2684667110443115,1.249182939529419,-0.1088324785232544,0.0014683629851788282,0.9999998211860657,1.1324882365215672e-08,0.0833333358168602,1.0,1.0
177,data/latent/train/1781995669694_heuristic_00009.npz,120,300,32.11105728149414,90.31893157958984,0.30106309056282043,1.318786859512329,-0.10180652141571045,0.07662992179393768,0.9999991655349731,1.2914339819758425e-08,0.10333333164453506,1.0,1.0
178,data/latent/train/1781996010272_heuristic_00046.npz,420,300,11.949163436889648,52.27254867553711,0.1742418110370636,0.5919653177261353,-0.09582769870758057,0.13072586059570312,0.9999989867210388,9.626150188069005e-08,0.05000000074505806,1.0,1.0
179,data/latent/train/1781975620542_heuristic_00008.npz,196,300,16.270645141601562,74.48020935058594,0.2482673078775406,1.6620447635650635,-0.11845433712005615,0.0804426446557045,0.9999946355819702,1.907348590179936e-08,0.1366666704416275,1.0,1.0
180,data/latent/train/1781975638980_heuristic_00010.npz,555,300,27.729833602905273,94.32520294189453,0.3144173324108124,1.4191462993621826,-0.07977604866027832,0.10110984742641449,0.9999983906745911,5.306800403559464e-07,0.07000000029802322,1.0,1.0
181,data/latent/train/1781996037878_heuristic_00049.npz,861,300,4.7717790603637695,10.308640480041504,0.03436213731765747,1.1922581195831299,-0.11910820007324219,0.3031662404537201,0.9989538788795471,7.375677341769915e-06,0.18333333730697632,1.0,1.0
182,data/latent/train/1781972395073_00000.npz,30,300,32.863731384277344,106.91890716552734,0.3563963770866394,0.9031367301940918,-0.0986403226852417,0.08378943055868149,1.0,4.8180421430288334e-08,0.02666666731238365,1.0,1.0
183,data/latent/train/1781975574208_heuristic_00003.npz,778,300,13.24258041381836,62.29935836791992,0.20766453444957733,0.736872673034668,-0.11338293552398682,0.12726052105426788,0.9999998807907104,4.649162121950212e-08,0.03999999910593033,1.0,1.0
184,data/latent/train/1781995911953_heuristic_00035.npz,965,300,3.2796404361724854,54.9370231628418,0.1831233948469162,1.0933635234832764,-0.11518144607543945,0.13780610263347626,0.9999979734420776,2.582867963951685e-08,0.04333333298563957,1.0,1.0
185,data/latent/train/1781975547656_heuristic_00000.npz,105,300,44.50645446777344,97.93681335449219,0.32645606994628906,1.0523545742034912,-0.02721274271607399,0.08763435482978821,1.0,4.5299529460862686e-08,0.0533333346247673,1.0,1.0
186,data/latent/train/1781996062126_forward_00006.npz,66,300,54.61221694946289,115.65931701660156,0.3855310082435608,1.555729627609253,-0.09855365753173828,0.02669479325413704,0.9999998807907104,2.304712864997782e-08,0.08666666597127914,1.0,1.0
187,data/latent/train/1781996057994_forward_00004.npz,201,300,31.00596809387207,89.54934692382812,0.2984978258609772,1.024970531463623,-0.0952749252319336,0.06731899082660675,1.0,2.781550101360608e-08,0.10999999940395355,1.0,1.0
188,data/latent/train/1781975620542_heuristic_00008.npz,472,300,6.35242223739624,58.959754943847656,0.19653251767158508,1.0157322883605957,-0.11928713321685791,0.11806130409240723,0.9999611377716064,1.2814998839871805e-08,0.1733333319425583,1.0,1.0
189,data/latent/train/1781975592337_heuristic_00005.npz,257,300,10.17398738861084,82.49126434326172,0.2749708592891693,1.1935570240020752,-0.1203770637512207,0.14645439386367798,0.9999992847442627,4.7981739470515095e-08,0.1733333319425583,1.0,1.0
190,data/latent/train/1781975767951_heuristic_00024.npz,375,300,11.633349418640137,118.57550811767578,0.39525166153907776,1.8261833190917969,-0.11901640892028809,-0.04574086144566536,0.9999910593032837,8.255243244548183e-08,0.0833333358168602,1.0,1.0
191,data/latent/train/1781996057994_forward_00004.npz,274,300,80.97020721435547,329.8581237792969,1.09952712059021,4.029252052307129,-0.11699032783508301,0.45526230335235596,0.9996628761291504,1.3132890330780356e-07,0.4399999976158142,1.0,1.0
192,data/latent/train/1781996088237_forward_00018.npz,178,300,28.713027954101562,85.29571533203125,0.2843190133571625,1.0921318531036377,-0.11371183395385742,0.06520960479974747,1.0,2.6822089438383045e-08,0.0833333358168602,1.0,1.0
193,data/latent/train/1781975547656_heuristic_00000.npz,606,300,41.95461654663086,118.64114379882812,0.3954704701900482,1.0472919940948486,-0.07493531703948975,0.050998423248529434,0.9999995827674866,3.308057827666744e-08,0.029999999329447746,1.0,1.0
194,data/latent/train/1781995799509_heuristic_00023.npz,10,300,38.55656814575195,103.16630554199219,0.34388768672943115,1.4734339714050293,-0.036901358515024185,0.0694723129272461,0.9999984502792358,2.2351741790771484e-08,0.06666667014360428,1.0,1.0
195,data/latent/train/1781995945841_heuristic_00039.npz,95,300,47.679134368896484,100.62324523925781,0.33541080355644226,1.5222694873809814,-0.06453704833984375,0.07416146993637085,0.9999998807907104,3.4272670035306874e-08,0.07000000029802322,1.0,1.0
196,data/latent/train/1781995892840_heuristic_00033.npz,963,300,-7.216488361358643,7.456031799316406,0.02485344000160694,1.1235394477844238,-0.11734938621520996,0.2664385735988617,0.9999963641166687,1.1011958349627093e-06,0.09000000357627869,1.0,1.0
197,data/latent/train/1781996060196_forward_00005.npz,176,300,37.67840576171875,104.70270538330078,0.3490090072154999,0.9444711208343506,-0.06519615650177002,0.05956272780895233,1.0,2.2947787670091202e-08,0.0833333358168602,1.0,1.0
198,data/latent/train/1781975592337_heuristic_00005.npz,267,300,4.000316619873047,40.73856735229492,0.1357952207326889,0.7428398132324219,-0.12028586864471436,0.23905141651630402,0.9999977350234985,4.27166604310969e-08,0.2566666603088379,1.0,1.0
199,data/latent/train/1781996076735_forward_00013.npz,172,300,26.70937728881836,83.23982238769531,0.2774660885334015,0.7006232738494873,-0.06527101993560791,0.0721220150589943,1.0,2.2947787670091202e-08,0.09333333373069763,1.0,1.0
200,data/latent/train/1781975731978_heuristic_00020.npz,127,300,29.78556251525879,95.72969055175781,0.31909891963005066,0.9554334282875061,-0.06658101081848145,0.15199138224124908,0.999999463558197,5.2750110057786515e-08,0.036666665226221085,1.0,1.0
201,data/latent/train/1781995715968_heuristic_00014.npz,279,300,30.976680755615234,96.1654281616211,0.32055139541625977,1.2339584827423096,-0.11112689971923828,0.12378308922052383,0.9999998807907104,2.2153059830998245e-08,0.06666667014360428,1.0,1.0
202,data/latent/train/1781995827249_heuristic_00026.npz,762,300,3.8058950901031494,52.50405502319336,0.17501352727413177,1.5142340660095215,-0.11955976486206055,0.18940629065036774,0.999996542930603,3.822744019998936e-06,0.05666666850447655,1.0,1.0
203,data/latent/train/1781975611090_heuristic_00007.npz,228,300,15.796395301818848,85.05416870117188,0.2835139036178589,1.0249226093292236,-0.10903656482696533,0.10955338925123215,0.9999997019767761,2.314646962986444e-08,0.04333333298563957,1.0,1.0
204,data/latent/train/1781995753128_heuristic_00018.npz,557,300,15.733857154846191,66.01164245605469,0.22003880143165588,1.0311377048492432,-0.11216962337493896,0.09812534600496292,0.9999998211860657,1.2814998839871805e-08,0.046666666865348816,1.0,1.0
205,data/latent/train/1781995827249_heuristic_00026.npz,97,300,9.772469520568848,60.1548957824707,0.20051631331443787,0.8854321241378784,-0.10569369792938232,0.12807603180408478,0.9999998211860657,1.7881394143159923e-08,0.046666666865348816,1.0,1.0
206,data/latent/train/1781996238438_random_00016.npz,348,300,31.29762077331543,107.9137954711914,0.3597126305103302,1.2131953239440918,-0.1039499044418335,0.06570318341255188,1.0,8.553266184208042e-08,0.023333333432674408,1.0,1.0
207,data/latent/train/1781996010272_heuristic_00046.npz,62,300,48.675254821777344,119.08041381835938,0.39693474769592285,1.3110876083374023,-0.06934678554534912,-0.08066025376319885,0.9999995827674866,5.424022830879949e-08,0.11999999731779099,1.0,1.0
208,data/latent/train/1781995781052_heuristic_00021.npz,679,300,20.45134162902832,102.76191711425781,0.3425396978855133,1.1159031391143799,-0.09824347496032715,0.06060214340686798,1.0,1.639127766850379e-08,0.023333333432674408,1.0,1.0
209,data/latent/train/1781972413766_00002.npz,549,300,29.270524978637695,100.35739135742188,0.33452463150024414,1.0252556800842285,-0.09865987300872803,0.057977091521024704,0.9999998211860657,5.0266582007907346e-08,0.046666666865348816,1.0,1.0
210,data/latent/train/1781995892840_heuristic_00033.npz,102,300,42.236900329589844,95.12774658203125,0.31709253787994385,1.1677308082580566,-0.01747143641114235,0.06802365928888321,0.9999998807907104,2.6424725518836567e-08,0.06333333253860474,1.0,1.0
211,data/latent/train/1781975776928_heuristic_00025.npz,981,300,16.24822998046875,69.05359649658203,0.2301786243915558,0.8271633386611938,-0.10467445850372314,0.06876067817211151,0.9999622702598572,2.111991221909193e-07,0.1733333319425583,1.0,1.0
212,data/latent/train/1781972395073_00000.npz,313,300,40.235450744628906,118.26588439941406,0.39421960711479187,1.4136652946472168,-0.09795916080474854,0.06147913634777069,0.9999998211860657,2.901752793604828e-07,0.05999999865889549,1.0,1.0
213,data/latent/train/1781996187436_random_00010.npz,402,300,61.224517822265625,131.43209838867188,0.4381069839000702,1.5195281505584717,-0.10064709186553955,0.12637022137641907,0.9999997019767761,1.226862309522403e-07,0.02666666731238365,1.0,1.0
214,data/latent/train/1781995918104_heuristic_00036.npz,583,300,25.313955307006836,109.1833724975586,0.36394456028938293,1.1409056186676025,-0.117867112159729,0.35501784086227417,0.9999913573265076,8.672476070614721e-08,0.3799999952316284,1.0,1.0
215,data/latent/train/1781975675666_heuristic_00014.npz,553,300,22.01251792907715,60.33983612060547,0.20113275945186615,0.8659495115280151,-0.10883104801177979,0.21489779651165009,0.9999444484710693,1.0609626599489275e-07,0.36666667461395264,1.0,1.0
216,data/latent/train/1781996153432_random_00006.npz,773,300,21.14857292175293,36.547645568847656,0.12182547152042389,0.754204511642456,-0.10997998714447021,0.18629799783229828,0.9999727606773376,2.1159648611046578e-07,0.28999999165534973,1.0,1.0
217,data/latent/train/1781995725381_heuristic_00015.npz,980,300,3.6804819107055664,37.95583724975586,0.12651947140693665,0.9601743817329407,-0.11866724491119385,0.1516561061143875,0.9999978542327881,5.990266771505048e-08,0.06333333253860474,1.0,1.0
218,data/latent/train/1781975638980_heuristic_00010.npz,559,300,33.34783935546875,120.18806457519531,0.40062686800956726,1.7529242038726807,-0.08986330032348633,0.10201962292194366,0.9999896287918091,5.856156235495291e-07,0.05999999865889549,1.0,1.0
219,data/latent/train/1781995963949_heuristic_00041.npz,184,300,29.19085693359375,89.42364501953125,0.29807883501052856,0.969504177570343,-0.10050857067108154,0.0736241415143013,0.9999991655349731,7.083018971343336e-08,0.05666666850447655,1.0,1.0
220,data/latent/train/1781975795046_heuristic_00027.npz,996,300,12.367968559265137,61.358436584472656,0.20452813804149628,0.6923693418502808,-0.08977615833282471,0.09547930210828781,0.9999998807907104,5.692243476573822e-08,0.0533333346247673,1.0,1.0
221,data/latent/train/1781975638980_heuristic_00010.npz,610,300,57.313453674316406,121.92124938964844,0.40640419721603394,1.513237476348877,-0.03143346682190895,0.051178812980651855,0.9999998807907104,1.466274284211977e-07,0.04333333298563957,1.0,1.0
222,data/latent/train/1781996221488_random_00014.npz,45,300,32.54994583129883,96.33454895019531,0.3211151361465454,1.0699756145477295,-0.09383499622344971,0.09549695253372192,0.9999998211860657,5.2352746138240036e-08,0.0533333346247673,1.0,1.0
223,data/latent/train/1781975547656_heuristic_00000.npz,501,300,3.765759229660034,60.221466064453125,0.20073820650577545,1.5446341037750244,-0.12007439136505127,0.3529948592185974,0.9999828338623047,1.1136134503431094e-07,0.3199999928474426,1.0,1.0
224,data/latent/train/1781996088237_forward_00018.npz,147,300,30.03720474243164,81.37389373779297,0.2712463140487671,0.9586828351020813,-0.023661140352487564,0.08280354738235474,0.9999998807907104,2.106030727588859e-08,0.07666666805744171,1.0,1.0
225,data/latent/train/1781995855626_heuristic_00029.npz,254,300,19.838916778564453,83.78826904296875,0.2792942225933075,0.8302861452102661,-0.11668670177459717,0.08724167197942734,0.9999998807907104,2.4537245124633955e-08,0.046666666865348816,1.0,1.0
226,data/latent/train/1781995715968_heuristic_00014.npz,614,300,0.7724460363388062,38.498779296875,0.12832924723625183,0.8218379020690918,-0.11915290355682373,0.19243352115154266,0.9999666213989258,1.8020470804458455e-07,0.11666666716337204,1.0,1.0
227,data/latent/train/1781975592337_heuristic_00005.npz,110,300,56.78036880493164,135.0607147216797,0.4502023756504059,1.30220627784729,-0.04678178206086159,0.0294715017080307,1.0,7.708867144629039e-08,0.05666666850447655,1.0,1.0
228,data/latent/train/1781995707003_heuristic_00013.npz,792,300,1.486580729484558,28.657251358032227,0.09552416950464249,1.0138750076293945,-0.11668586730957031,0.26009780168533325,0.9999648928642273,5.9604643443123e-10,0.273333340883255,1.0,1.0
229,data/latent/train/1781975694262_heuristic_00016.npz,635,300,35.541412353515625,110.32154083251953,0.3677384853363037,1.134812355041504,-0.1113886833190918,0.08237021416425705,0.9999998211860657,1.1612971917429604e-07,0.06333333253860474,1.0,1.0
230,data/latent/train/1781995991387_heuristic_00044.npz,256,300,2.416693687438965,77.90973663330078,0.25969910621643066,1.3351843357086182,-0.11925232410430908,0.29591894149780273,0.9999989867210388,1.7424424925138737e-07,0.2933333218097687,1.0,1.0
231,data/latent/train/1781975694262_heuristic_00016.npz,927,300,-5.654746055603027,-21.74611473083496,-0.07248703390359879,0.29808104038238525,-0.11959302425384521,0.03965360298752785,0.9999876022338867,1.2660026413868763e-06,0.03999999910593033,1.0,1.0
232,data/latent/train/1781975556701_heuristic_00001.npz,350,300,-8.03054141998291,-13.688417434692383,-0.04562804847955704,0.7959740161895752,-0.11475861072540283,0.2498689740896225,0.9999952912330627,2.7930736905545928e-06,0.019999999552965164,1.0,1.0
233,data/latent/train/1781996102422_random_00000.npz,183,300,22.049070358276367,68.08116912841797,0.22693723440170288,0.9377572536468506,-0.08991146087646484,0.11574797332286835,0.9999998807907104,2.9007594548602356e-08,0.036666665226221085,1.0,1.0
234,data/latent/train/1781975601594_heuristic_00006.npz,239,300,16.14457130432129,72.78419494628906,0.2426139861345291,0.7511707544326782,-0.11735641956329346,0.1008816510438919,0.9999991655349731,2.324581060975106e-08,0.03333333507180214,1.0,1.0
235,data/latent/train/1781996136517_random_00004.npz,923,300,-5.565738677978516,-24.370525360107422,-0.08123508095741272,0.1740175485610962,-0.11334228515625,0.13250672817230225,0.9999436736106873,1.7105539882322773e-06,0.08666666597127914,1.0,1.0
236,data/latent/train/1781995624027_heuristic_00004.npz,277,300,60.05915451049805,277.93597412109375,0.9264532327651978,2.9137027263641357,-0.1168372631072998,0.7293439507484436,0.9999644160270691,6.516774675446868e-08,0.6766666769981384,1.0,1.0
237,data/latent/train/1781975776928_heuristic_00025.npz,513,300,52.089332580566406,127.22201538085938,0.42407339811325073,1.2877321243286133,-0.11277961730957031,0.10338733345270157,0.9999991655349731,6.159146437312302e-08,0.05000000074505806,1.0,1.0
238,data/latent/train/1781996089768_forward_00019.npz,20,300,47.0688362121582,113.63916015625,0.3787972331047058,1.0167155265808105,-0.07730245590209961,0.08513591438531876,0.9999998807907104,4.619359827984226e-08,0.05000000074505806,1.0,1.0
239,data/latent/train/1781995743605_heuristic_00017.npz,97,300,23.106752395629883,97.64692687988281,0.32548975944519043,0.8471415042877197,-0.10564064979553223,0.0476682148873806,0.9999998807907104,3.347794219621392e-08,0.036666665226221085,1.0,1.0
240,data/latent/train/1781996145047_random_00005.npz,731,300,24.164560317993164,80.53948211669922,0.26846492290496826,1.0072972774505615,-0.10569334030151367,0.13990789651870728,0.9999998807907104,3.685553906507266e-08,0.019999999552965164,1.0,1.0
241,data/latent/train/1781995945841_heuristic_00039.npz,889,300,24.43675422668457,91.53833770751953,0.3051278293132782,0.9483657479286194,-0.1171637773513794,0.01944190263748169,0.9999998807907104,2.6524066498723187e-08,0.05000000074505806,1.0,1.0
242,data/latent/train/1781972422614_00003.npz,460,300,55.34467315673828,168.3809356689453,0.5612697601318359,2.2228498458862305,-0.09807384014129639,-0.03380335867404938,0.9999670386314392,6.030003163459696e-08,0.1066666692495346,1.0,1.0
243,data/latent/train/1781996028648_heuristic_00048.npz,592,300,37.13460922241211,95.17953491210938,0.3172651529312134,0.8421186208724976,-0.10953664779663086,0.04823622852563858,0.9999998807907104,4.023313593393141e-08,0.10333333164453506,1.0,1.0
244,data/latent/train/1781995991387_heuristic_00044.npz,669,300,2.9817287921905518,39.48890686035156,0.13162969052791595,0.8423584699630737,-0.11913466453552246,0.28075850009918213,0.9999725222587585,4.400809672233663e-08,0.4099999964237213,1.0,1.0
245,data/latent/train/1781975740977_heuristic_00021.npz,821,300,60.06882095336914,133.0341033935547,0.44344696402549744,1.2567918300628662,-0.024976853281259537,0.11031964421272278,1.0,1.2189150311314734e-07,0.06666667014360428,1.0,1.0
246,data/latent/train/1781995808764_heuristic_00024.npz,611,300,22.12549591064453,99.77908325195312,0.33259695768356323,1.5878052711486816,-0.11551308631896973,0.24840019643306732,0.9999064207077026,3.923972613506521e-08,0.16333332657814026,1.0,1.0
247,data/latent/train/1781975767951_heuristic_00024.npz,196,300,-9.704975128173828,-29.587251663208008,-0.09862416237592697,-0.03428185358643532,-0.1205359697341919,-0.16568902134895325,0.9999997019767761,8.874138188730285e-07,0.04333333298563957,1.0,1.0
248,data/latent/train/1781995883579_heuristic_00032.npz,402,300,23.94742202758789,96.56954956054688,0.321898490190506,0.9910529255867004,-0.08250641822814941,0.1508140116930008,0.9999991655349731,1.1871258465134815e-07,0.05666666850447655,1.0,1.0
249,data/latent/train/1781996230146_random_00015.npz,944,300,-6.362852573394775,-23.83304214477539,-0.07944347709417343,0.00028991326689720154,-0.11542117595672607,0.0757397934794426,0.9999905228614807,3.259380605413753e-07,0.12333333492279053,1.0,1.0
250,data/latent/train/1781975767951_heuristic_00024.npz,80,300,37.58042526245117,105.662353515625,0.35220783948898315,1.2961103916168213,-0.06536638736724854,-0.0017942817648872733,0.9999998807907104,1.3311703739304903e-08,0.01666666753590107,1.0,1.0
251,data/latent/train/1781995911953_heuristic_00035.npz,306,300,12.456119537353516,87.33611297607422,0.29112038016319275,1.1323683261871338,-0.11652660369873047,-0.011257168836891651,0.9999988079071045,2.9007594548602356e-08,0.05999999865889549,1.0,1.0
252,data/latent/train/1781996019435_heuristic_00047.npz,701,300,27.68170738220215,98.36685180664062,0.32788950204849243,1.0220510959625244,-0.04963434115052223,0.07236608862876892,0.9999942779541016,7.808208124515659e-08,0.03333333507180214,1.0,1.0
253,data/latent/train/1781996238438_random_00016.npz,674,300,45.554473876953125,110.18746948242188,0.36729151010513306,1.195298433303833,-0.11574947834014893,0.1254827231168747,0.9999998211860657,2.0215908591580956e-07,0.009999999776482582,1.0,1.0
254,data/latent/train/1781996110973_random_00001.npz,542,300,53.313018798828125,140.8003692626953,0.46933460235595703,1.530794620513916,-0.0839986801147461,0.09338707476854324,0.9999998211860657,1.7305215749274794e-07,0.07333333045244217,1.0,1.0
255,data/latent/train/1781995855626_heuristic_00029.npz,659,300,29.542673110961914,115.50260162353516,0.38500863313674927,2.2103946208953857,-0.11705982685089111,0.17840375006198883,0.9999825954437256,2.553065669985699e-08,0.17666666209697723,1.0,1.0
